q,idx,round,rq_id,n_urls,snippet_len,gen_len
q1,0,0,0,2,9077,790
q1,1,0,1,4,8473,739
q1,2,0,0,3,9933,879
q1,3,0,0,4,9557,832
q1,4,0,2,3,11675,881
q1,5,0,2,5,10001,886
q1,6,0,2,2,9120,1110
q1,7,0,1,2,9837,1433
q1,8,0,1,3,10642,1686
q1,9,1,3,5,12127,233
q1,10,1,3,3,10171,466
q1,11,1,4,5,8930,647
q1,12,1,3,4,9303,652
q1,13,1,4,3,12083,1222
q1,14,1,5,2,9477,757
q1,15,1,4,4,7664,797
q1,16,1,5,5,9324,960
q1,17,1,5,3,9825,1183
q1,18,2,6,4,9259,143
q1,19,2,7,5,9970,147
q1,20,2,7,3,11939,573
q1,21,2,7,3,11623,805
q1,22,2,6,5,8638,715
q1,23,2,6,3,11636,756
q1,24,2,8,4,11737,684
q1,25,2,8,3,10574,1170
q1,26,2,8,4,10152,1226
q2,0,0,0,4,11384,542
q2,1,0,0,4,10644,651
q2,2,0,1,5,35158,1069
q2,3,0,0,5,10309,808
q2,4,0,1,6,31825,1430
q2,5,0,1,4,39274,1678
q2,6,0,2,2,12086,1886
q2,7,0,2,2,11717,1920
q2,8,0,2,3,9862,2169
q3,0,0,0,4,9281,291
q3,1,0,0,3,13162,522
q3,2,0,0,4,11800,723
q3,3,0,1,4,8815,863
q3,4,0,2,4,11451,841
q3,5,0,1,4,8391,1010
q3,6,0,2,5,8857,1036
q3,7,0,1,2,9023,1195
q3,8,0,2,4,9608,1714
q3,9,1,3,4,6345,417
q3,10,1,4,3,11424,700
q3,11,1,3,5,7594,692
q3,12,1,4,5,8895,1026
q3,13,1,5,5,9960,1065
q3,14,1,4,6,9397,1122
q3,15,1,5,5,10036,740
q3,16,1,3,3,9382,706
q3,17,1,5,4,8904,941
q3,18,2,6,6,7623,824
q3,19,2,6,4,7341,903
q3,20,2,7,3,10996,1005
q3,21,2,6,5,11241,1295
q3,22,2,7,3,8726,998
q3,23,2,7,3,10555,905
q4,0,0,0,4,9908,788
q4,1,0,0,5,10163,965
q4,2,0,1,5,12442,907
q4,3,0,2,6,11203,998
q4,4,0,2,6,9040,1355
q4,5,0,2,3,11724,1081
q4,6,0,1,4,10278,1336
q4,7,0,1,4,10874,1308
q4,8,0,0,4,10615,1594
q5,0,0,0,5,14580,694
q5,1,0,1,3,9867,961
q5,2,0,1,4,11890,1332
q5,3,0,1,5,11436,1095
q5,4,0,2,4,8416,1199
q5,5,0,0,3,11519,880
q5,6,0,2,4,8142,896
q5,7,0,0,2,8213,1025
q5,8,0,2,2,9194,1101
q5,9,1,3,5,12574,619
q5,10,1,4,5,12685,659
q5,11,1,5,5,9973,852
q5,12,1,4,5,11231,970
q5,13,1,4,3,9946,1111
q5,14,1,3,4,31670,1194
q5,15,1,5,4,9742,1199
q5,16,1,5,3,9568,1414
q5,17,1,3,4,12245,1680
q5,18,2,6,4,9053,446
q5,19,2,7,5,9044,748
q5,20,2,8,2,13034,881
q5,21,2,6,3,11059,942
q5,22,2,6,4,12725,1001
q5,23,2,8,6,10960,1007
q5,24,2,8,3,11194,1177
q5,25,2,7,3,8941,1028
q5,26,2,7,2,9475,400
q6,0,0,0,4,10710,1704
q6,1,0,1,5,10443,1510
q6,2,0,1,6,10283,1690
q6,3,0,0,4,8814,2105
q6,4,0,2,4,10998,2354
q6,5,0,0,5,9268,2900
q6,6,0,2,5,12273,2496
q6,7,0,2,4,11517,2268
q6,8,0,1,4,10319,8654
q7,0,0,0,3,9856,329
q7,1,0,1,6,8906,214
q7,2,0,0,5,8877,201
q7,3,0,1,6,10671,255
q7,4,0,0,4,10020,284
q7,5,0,2,4,8243,1063
q7,6,0,2,5,8301,920
q7,7,0,1,5,11414,903
q7,8,0,2,3,8845,984
q7,9,1,3,3,8727,648
q7,10,1,4,3,8286,900
q7,11,1,4,3,8835,638
q7,12,1,3,3,13184,586
q7,13,1,5,3,9027,631
q7,14,1,3,3,9385,715
q7,15,1,4,3,9217,930
q7,16,1,5,3,9141,1095
q7,17,1,5,4,13337,1133
q7,18,2,6,5,9649,373
q7,19,2,7,5,9215,1049
q7,20,2,8,2,9222,796
q7,21,2,7,5,9073,781
q7,22,2,6,2,9642,900
q7,23,2,6,4,8892,912
q7,24,2,8,5,9537,925
q7,25,2,8,6,9196,1035
q7,26,2,7,4,8800,1117
q8,0,0,0,2,12873,840
q8,1,0,0,2,11003,819
q8,2,0,1,4,11259,963
q8,3,0,0,2,10647,1019
q8,4,0,2,4,13803,1098
q8,5,0,2,2,12608,1160
q8,6,0,1,5,10520,1195
q8,7,0,1,1,12275,1416
q8,8,0,2,5,13791,2491
q9,0,0,0,6,8863,215
q9,1,0,1,6,20091,613
q9,2,0,1,4,18379,352
q9,3,0,0,5,12272,409
q9,4,0,2,5,12779,453
q9,5,0,0,6,8495,681
q9,6,0,1,4,10608,663
q9,7,0,2,5,13234,749
q9,8,0,2,5,12747,1142
q9,9,1,3,6,9905,287
q9,10,1,4,4,15380,357
q9,11,1,4,5,11159,543
q9,12,1,4,5,11437,664
q9,13,1,5,6,15723,609
q9,14,1,5,4,14828,641
q9,15,1,5,5,12130,815
q9,16,1,3,5,10999,1090
q9,17,1,3,3,10276,616
q10,0,0,0,4,12081,545
q10,1,0,1,4,10365,750
q10,2,0,1,2,11249,675
q10,3,0,1,3,12128,769
q10,4,0,0,4,9037,1061
q10,5,0,2,2,10179,898
q10,6,0,2,6,8921,1318
q10,7,0,0,4,9432,1230
q10,8,0,2,4,8463,688
q10,9,1,3,4,11201,412
q10,10,1,3,6,6901,611
q10,11,1,3,4,13101,801
q10,12,1,4,3,10722,826
q10,13,1,5,4,9927,1182
q10,14,1,5,2,10223,1203
q10,15,1,5,3,10750,1269
q10,16,1,4,3,10151,1245
q10,17,1,4,4,10224,1348
q10,18,2,6,6,8783,461
q10,19,2,6,5,11081,858
q10,20,2,6,4,10018,1074
q10,21,2,7,3,10147,883
q10,22,2,7,4,9262,868
q10,23,2,8,4,14850,794
q10,24,2,8,3,11387,1101
q10,25,2,8,3,10468,1211
q10,26,2,7,4,9884,1457
q11,0,0,0,4,6524,206
q11,1,0,1,5,15719,315
q11,2,0,2,3,9054,767
q11,3,0,0,6,6685,880
q11,4,0,1,4,8236,523
q11,5,0,0,3,13025,907
q11,6,0,2,4,10281,1062
q11,7,0,2,5,13667,1134
q11,8,0,1,2,8650,670
q11,9,1,3,5,8702,121
q11,10,1,3,4,8989,155
q11,11,1,3,4,10666,202
q11,12,1,4,3,7944,245
q11,13,1,4,4,11053,517
q11,14,1,5,3,11442,673
q11,15,1,5,6,9381,764
q11,16,1,5,3,10923,862
q11,17,1,4,2,11483,759
q12,0,0,0,4,12083,578
q12,1,0,0,4,8820,521
q12,2,0,1,3,6681,845
q12,3,0,0,5,9202,813
q12,4,0,1,5,11701,859
q12,5,0,2,5,9289,1062
q12,6,0,2,5,8719,1071
q12,7,0,2,4,9273,1167
q12,8,0,1,4,9362,1334
q13,0,0,0,6,14552,251
q13,1,0,0,6,14870,409
q13,2,0,1,4,14179,626
q13,3,0,1,4,12954,722
q13,4,0,2,5,11933,831
q13,5,0,2,5,11473,900
q13,6,0,2,3,11382,1005
q13,7,0,1,4,12217,1210
q13,8,0,0,1,9787,1102
q13,9,1,3,5,7980,278
q13,10,1,3,4,11283,398
q13,11,1,3,3,11885,509
q13,12,1,4,6,6326,676
q13,13,1,4,4,8050,200
q13,14,1,5,5,12797,768
q13,15,1,5,6,11383,948
q13,16,1,5,2,10086,1179
q13,17,1,4,4,12162,650
q13,18,2,6,2,9533,823
q13,19,2,6,5,12797,850
q13,20,2,6,6,11383,859
q13,21,2,7,3,12023,271
q13,22,2,8,5,15763,466
q13,23,2,7,3,10959,359
q13,24,2,8,5,14028,514
q13,25,2,7,4,13797,519
q13,26,2,8,5,10809,953
q14,0,0,0,6,45204,991
q14,1,0,0,6,43539,4120
q14,2,0,1,5,11697,1672
q14,3,0,2,4,8586,1898
q14,4,0,0,5,43055,2020
q14,5,0,2,6,8971,1855
q14,6,0,2,5,11512,2073
q14,7,0,1,4,12174,2489
q14,8,0,1,5,10297,2178
q15,0,0,0,0,0,23
q15,1,0,0,6,43399,1661
q15,2,0,0,3,41619,2359
q15,3,0,1,5,37627,2920
q15,4,0,2,4,10472,893
q15,5,0,2,4,11670,1207
q15,6,0,1,4,46184,5004
q15,7,0,2,5,11592,1877
q15,8,0,1,3,38951,5962
q16,0,0,0,2,9491,437
q16,1,0,1,3,9188,1132
q16,2,0,0,4,9748,778
q16,3,0,0,4,8317,1059
q16,4,0,2,3,12279,1181
q16,5,0,1,4,10914,1320
q16,6,0,2,5,10232,1449
q16,7,0,1,5,11922,1610
q16,8,0,2,3,11913,1585
q17,0,0,0,5,8956,580
q17,1,0,1,4,11890,748
q17,2,0,1,2,9494,775
q17,3,0,1,4,11873,786
q17,4,0,2,4,10935,842
q17,5,0,0,4,9126,1181
q17,6,0,2,5,12899,878
q17,7,0,2,6,12983,950
q17,8,0,0,5,10447,1262
q18,0,0,0,6,3501,295
q18,1,0,0,5,5094,546
q18,2,0,0,6,14515,402
q18,3,0,1,5,11413,509
q18,4,0,2,4,9220,671
q18,5,0,1,4,12380,675
q18,6,0,1,6,9337,725
q18,7,0,2,5,15904,833
q18,8,0,2,6,13250,979
q18,9,1,3,5,14152,512
q18,10,1,4,4,41476,1736
q18,11,1,5,3,19844,609
q18,12,1,3,4,8999,688
q18,13,1,4,2,41364,2371
q18,14,1,4,5,30691,905
q18,15,1,3,3,9489,845
q18,16,1,5,4,18683,856
q18,17,1,5,4,8603,857
q18,18,2,6,5,18028,692
q18,19,2,7,4,32484,854
q18,20,2,6,3,12572,852
q18,21,2,7,3,40984,2535
q18,22,2,7,3,37929,936
q18,23,2,6,4,24809,1250
q19,0,0,0,5,17802,319
q19,1,0,1,5,14401,952
q19,2,0,2,6,20263,783
q19,3,0,1,5,13292,752
q19,4,0,0,6,15805,825
q19,5,0,0,4,14308,866
q19,6,0,2,6,16495,1043
q19,7,0,2,4,24284,982
q19,8,0,1,6,14018,1463
q20,0,0,0,6,13339,654
q20,1,0,1,4,17222,801
q20,2,0,1,4,14155,836
q20,3,0,1,6,15111,922
q20,4,0,2,5,11872,1269
q20,5,0,0,3,11286,1141
q20,6,0,2,5,20124,1222
q20,7,0,2,5,13257,1132
q20,8,0,0,5,16605,1266
q21,0,0,0,3,10906,371
q21,1,0,0,6,10721,633
q21,2,0,1,5,11521,842
q21,3,0,2,3,8776,771
q21,4,0,1,3,10770,1013
q21,5,0,2,5,8586,1031
q21,6,0,1,3,8986,1204
q21,7,0,0,5,12050,1326
q21,8,0,2,3,9106,1230
q21,9,1,3,3,9384,598
q21,10,1,3,3,9178,961
q21,11,1,4,6,34028,1076
q21,12,1,5,4,11125,968
q21,13,1,5,4,9091,1076
q21,14,1,4,4,45184,866
q21,15,1,5,5,8345,1259
q21,16,1,3,4,10152,1238
q21,17,1,4,3,45822,1340
q21,18,2,6,5,7618,579
q21,19,2,7,4,8243,648
q21,20,2,6,3,10283,911
q21,21,2,8,2,9944,901
q21,22,2,6,2,8915,915
q21,23,2,8,4,9192,871
q21,24,2,8,6,7373,1105
q21,25,2,7,4,9086,1074
q21,26,2,7,5,9526,1343
q22,0,0,0,4,9221,249
q22,1,0,1,5,9925,567
q22,2,0,0,6,9201,740
q22,3,0,2,5,6710,722
q22,4,0,1,5,7502,960
q22,5,0,2,5,9934,961
q22,6,0,1,1,9378,641
q22,7,0,2,4,7544,1082
q22,8,0,0,4,8430,1308
q22,9,1,3,4,8881,410
q22,10,1,3,3,9304,393
q22,11,1,4,4,8561,821
q22,12,1,5,5,10048,814
q22,13,1,3,1,9763,825
q22,14,1,4,3,8749,982
q22,15,1,4,5,8927,1116
q22,16,1,5,5,7827,1372
q22,17,1,5,4,8534,1349
q22,18,2,6,4,6784,553
q22,19,2,7,4,13731,553
q22,20,2,6,3,9970,589
q22,21,2,6,3,11371,476
q22,22,2,7,5,10587,1145
q22,23,2,8,6,7962,886
q22,24,2,8,4,9530,1184
q22,25,2,7,4,9916,1584
q22,26,2,8,4,10316,1287
q23,0,0,0,5,8607,395
q23,1,0,0,6,8713,417
q23,2,0,1,4,12608,588
q23,3,0,0,4,10217,607
q23,4,0,1,6,7129,699
q23,5,0,2,3,7582,815
q23,6,0,2,4,10138,879
q23,7,0,2,6,11313,1088
q23,8,0,1,6,9233,1200
q24,0,0,0,5,8700,329
q24,1,0,1,5,9043,482
q24,2,0,2,4,8497,765
q24,3,0,2,5,9080,582
q24,4,0,1,5,9924,847
q24,5,0,1,3,8268,908
q24,6,0,0,4,11144,973
q24,7,0,2,3,10137,1298
q24,8,0,0,3,8683,709
q25,0,0,0,5,12226,501
q25,1,0,0,4,10555,525
q25,2,0,0,3,16111,734
q25,3,0,1,5,9703,835
q25,4,0,2,4,10814,814
q25,5,0,1,4,12328,916
q25,6,0,1,5,10680,988
q25,7,0,2,4,10323,962
q25,8,0,2,5,8132,1183
q25,9,1,3,3,9521,260
q25,10,1,3,3,2182,258
q25,11,1,3,5,11829,788
q25,12,1,4,5,8105,812
q25,13,1,5,5,8994,900
q25,14,1,5,5,7586,983
q25,15,1,4,6,11721,1016
q25,16,1,4,5,29370,1067
q25,17,1,5,4,9209,1223
q25,18,2,6,5,12607,414
q25,19,2,7,1,13977,521
q25,20,2,6,5,7440,1108
q25,21,2,7,6,9362,635
q25,22,2,8,5,10815,848
q25,23,2,7,4,17749,775
q25,24,2,6,4,8800,821
q25,25,2,8,6,13585,850
q25,26,2,8,4,11736,1094
q26,0,0,0,5,9097,310
q26,1,0,1,3,17497,351
q26,2,0,1,5,12221,641
q26,3,0,2,4,13910,651
q26,4,0,2,5,10529,754
q26,5,0,2,5,10479,843
q26,6,0,1,5,9201,864
q26,7,0,0,4,11944,1146
q26,8,0,0,4,10240,1197
q26,9,1,3,5,11802,282
q26,10,1,3,4,10497,832
q26,11,1,4,4,8063,759
q26,12,1,5,5,10633,881
q26,13,1,5,4,8535,859
q26,14,1,5,4,12560,861
q26,15,1,4,4,8261,1042
q26,16,1,4,4,13450,1241
q26,17,1,3,6,9176,1153
q26,18,2,6,1,16225,462
q26,19,2,7,4,12610,823
q26,20,2,7,6,12414,567
q26,21,2,6,5,15620,938
q26,22,2,6,5,9162,968
q26,23,2,8,4,35285,851
q26,24,2,7,5,7558,1022
q26,25,2,8,4,34568,709
q26,26,2,8,3,39953,934
q27,0,0,0,5,10033,542
q27,1,0,0,4,11926,898
q27,2,0,1,5,10822,1036
q27,3,0,1,4,9355,1037
q27,4,0,0,3,8883,1071
q27,5,0,2,5,9264,1178
q27,6,0,2,5,9211,1153
q27,7,0,1,5,9419,1329
q27,8,0,2,5,9574,1418
q27,9,1,3,4,7687,790
q27,10,1,4,2,10895,280
q27,11,1,3,5,7090,537
q27,12,1,3,3,11882,451
q27,13,1,4,5,9600,764
q27,14,1,4,4,12065,1014
q27,15,1,5,4,9812,1101
q27,16,1,5,3,10223,1102
q27,17,1,5,4,8891,1330
q27,18,2,6,4,12065,933
q27,19,2,7,3,11013,591
q27,20,2,7,5,10264,999
q27,21,2,8,2,9436,1030
q27,22,2,8,4,9278,1062
q27,23,2,7,6,7157,1196
q27,24,2,6,4,10817,1555
q27,25,2,6,4,12593,1662
q27,26,2,8,4,9021,1767
q28,0,0,0,3,11794,296
q28,1,0,0,3,11243,313
q28,2,0,0,3,10843,581
q28,3,0,1,5,10077,672
q28,4,0,2,4,10216,917
q28,5,0,2,5,8913,851
q28,6,0,1,3,11704,1080
q28,7,0,1,5,8322,1086
q28,8,0,2,3,15540,1209
q28,9,1,3,5,10155,922
q28,10,1,4,4,11320,573
q28,11,1,4,4,11033,753
q28,12,1,3,3,10885,829
q28,13,1,5,3,10975,820
q28,14,1,5,4,13541,821
q28,15,1,3,4,11207,958
q28,16,1,4,5,12736,951
q28,17,1,5,5,10130,1414
q28,18,2,6,5,9238,561
q28,19,2,7,5,11555,691
q28,20,2,8,4,9210,691
q28,21,2,6,4,8191,739
q28,22,2,8,3,11801,784
q28,23,2,8,3,12734,933
q28,24,2,6,4,8597,1094
q28,25,2,7,4,9189,1132
q28,26,2,7,3,10583,1709
q29,0,0,0,2,9089,329
q29,1,0,1,3,7623,468
q29,2,0,2,5,8818,694
q29,3,0,2,5,10757,783
q29,4,0,0,3,8188,694
q29,5,0,2,2,8421,823
q29,6,0,0,4,8409,974
q29,7,0,1,4,11056,1322
q29,8,0,1,2,13575,2754
q29,9,1,3,4,1235,187
q29,10,1,3,5,10502,439
q29,11,1,3,3,8749,435
q29,12,1,4,1,11017,671
q29,13,1,4,2,9044,664
q29,14,1,5,4,7841,602
q29,15,1,5,2,8363,647
q29,16,1,5,3,8315,1008
q29,17,1,4,4,8129,1036
q29,18,2,6,3,7752,502
q29,19,2,7,3,8189,618
q29,20,2,7,6,7419,730
q29,21,2,6,4,8779,752
q29,22,2,8,1,9166,835
q29,23,2,8,3,8819,1012
q29,24,2,6,3,10544,976
q29,25,2,8,1,8393,1098
q29,26,2,7,2,11451,675
q30,0,0,0,5,9031,489
q30,1,0,0,3,11493,403
q30,2,0,1,6,8801,914
q30,3,0,0,3,8800,920
q30,4,0,2,5,9327,1007
q30,5,0,1,5,8916,1053
q30,6,0,2,2,8433,1052
q30,7,0,2,4,8510,1164
q30,8,0,1,4,9272,1530
q30,9,1,3,4,7751,257
q30,10,1,3,5,10009,825
q30,11,1,3,4,9657,885
q30,12,1,4,5,9465,952
q30,13,1,5,4,9300,972
q30,14,1,5,5,10298,1053
q30,15,1,4,3,9339,1068
q30,16,1,4,5,8346,1212
q30,17,1,5,5,10238,953
q30,18,2,6,6,7523,639
q30,19,2,7,2,9119,949
q30,20,2,6,2,8251,908
q30,21,2,7,4,8006,963
q30,22,2,6,4,10969,957
q30,23,2,7,5,8698,1163
q30,24,2,8,5,9105,1187
q30,25,2,8,6,8659,1145
q30,26,2,8,4,9349,1261
q31,0,0,0,2,9139,926
q31,1,0,1,4,8915,1289
q31,2,0,1,3,9277,1011
q31,3,0,2,5,9057,837
q31,4,0,2,4,7048,1303
q31,5,0,2,5,6977,1233
q31,6,0,1,4,8707,1124
q31,7,0,0,4,7650,1660
q31,8,0,0,2,8667,1711
q32,0,0,0,4,7739,464
q32,1,0,1,3,8022,1175
q32,2,0,0,3,9670,593
q32,3,0,2,4,8381,785
q32,4,0,1,3,8667,871
q32,5,0,2,3,9680,1468
q32,6,0,1,2,9002,236
q32,7,0,2,4,10605,2262
q32,8,0,0,3,9778,603
q32,9,1,3,4,9700,465
q32,10,1,3,4,7701,450
q32,11,1,4,4,9244,749
q32,12,1,3,2,9509,478
q32,13,1,4,3,8557,565
q32,14,1,5,5,8827,1150
q32,15,1,4,4,8881,1306
q32,16,1,5,2,11827,692
q32,17,1,5,2,8529,878
q32,18,2,6,4,9066,1130
q32,19,2,6,3,8582,683
q32,20,2,7,3,8532,497
q32,21,2,7,3,7807,623
q32,22,2,6,3,8755,714
q32,23,2,7,3,8112,1324
q32,24,2,8,5,8285,1178
q32,25,2,8,4,8673,1178
q32,26,2,8,5,7646,1374
q33,0,0,0,4,10265,517
q33,1,0,1,4,8330,528
q33,2,0,1,5,11207,541
q33,3,0,1,4,10324,740
q33,4,0,0,5,10964,497
q33,5,0,0,5,9231,911
q33,6,0,2,5,9284,1028
q33,7,0,2,5,7388,1066
q33,8,0,2,5,9286,1045
q34,0,0,0,6,11228,418
q34,1,0,0,5,8585,442
q34,2,0,1,5,8896,706
q34,3,0,1,3,9099,753
q34,4,0,1,5,8678,795
q34,5,0,2,5,10607,854
q34,6,0,0,6,9798,975
q34,7,0,2,5,9313,1028
q34,8,0,2,6,12136,1179
q34,9,1,3,3,9426,278
q34,10,1,3,6,7528,415
q34,11,1,3,6,8145,282
q34,12,1,4,5,6799,309
q34,13,1,4,5,7823,393
q34,14,1,5,3,11306,285
q34,15,1,4,6,7452,426
q34,16,1,5,6,6759,521
q34,17,1,5,5,10024,506
q34,18,2,6,6,7928,515
q34,19,2,6,5,9606,588
q34,20,2,6,6,9026,621
q34,21,2,7,6,7401,662
q34,22,2,7,6,9796,743
q34,23,2,7,5,8595,827
q35,0,0,0,6,8367,568
q35,1,0,1,5,7900,1110
q35,2,0,0,5,7520,818
q35,3,0,2,4,7879,995
q35,4,0,1,4,8691,1078
q35,5,0,2,4,11855,997
q35,6,0,0,4,9135,1189
q35,7,0,1,2,9980,1199
q35,8,0,2,2,9714,1148
q35,9,1,3,4,6745,525
q35,10,1,4,5,8020,567
q35,11,1,3,4,9584,697
q35,12,1,4,4,9930,939
q35,13,1,5,4,7941,989
q35,14,1,5,4,8992,921
q35,15,1,4,3,9130,1260
q35,16,1,5,6,8443,1230
q35,17,1,3,5,12899,1299
q35,18,2,6,6,8443,1017
q35,19,2,7,4,8961,1057
q35,20,2,7,4,9825,1079
q35,21,2,6,4,7941,1037
q35,22,2,6,4,8992,1199
q35,23,2,7,4,9691,1039
q36,0,0,0,3,9451,617
q36,1,0,0,6,7571,593
q36,2,0,0,2,9371,650
q36,3,0,1,4,12134,617
q36,4,0,1,4,10724,601
q36,5,0,1,5,10434,716
q36,6,0,2,5,10118,1006
q36,7,0,2,5,11625,1353
q36,8,0,2,6,7795,1365
q36,9,1,3,4,11865,176
q36,10,1,3,5,9932,302
q36,11,1,4,5,12309,446
q36,12,1,4,4,14082,547
q36,13,1,5,3,10843,894
q36,14,1,3,2,40574,983
q36,15,1,5,3,10093,1025
q36,16,1,5,4,9749,1035
q36,17,1,4,5,9550,1418
q37,0,0,0,6,7524,185
q37,1,0,1,4,10036,237
q37,2,0,1,4,8920,331
q37,3,0,1,4,8018,636
q37,4,0,0,5,8802,741
q37,5,0,2,5,9168,785
q37,6,0,0,6,5314,975
q37,7,0,2,5,8872,1101
q37,8,0,2,4,8932,1087
q37,9,1,3,6,10055,617
q37,10,1,4,5,11226,640
q37,11,1,5,6,11776,720
q37,12,1,4,2,8522,783
q37,13,1,3,3,10653,777
q37,14,1,3,3,8559,818
q37,15,1,5,5,13297,937
q37,16,1,4,6,7556,931
q37,17,1,5,5,9781,1115
q37,18,2,6,4,8676,340
q37,19,2,6,6,5594,694
q37,20,2,7,3,8621,533
q37,21,2,6,5,7613,872
q37,22,2,8,6,7992,751
q37,23,2,7,2,8278,859
q37,24,2,8,5,11320,1173
q37,25,2,8,5,7632,1134
q37,26,2,7,4,9684,1221
q38,0,0,0,3,11226,676
q38,1,0,1,5,11291,742
q38,2,0,0,4,11546,813
q38,3,0,2,5,11051,850
q38,4,0,1,4,8477,935
q38,5,0,1,4,9883,976
q38,6,0,0,3,10782,938
q38,7,0,2,3,11244,1143
q38,8,0,2,2,8998,1333
q39,0,0,0,5,2490,578
q39,1,0,1,4,8463,537
q39,2,0,0,2,8608,505
q39,3,0,1,6,8889,546
q39,4,0,2,6,11226,901
q39,5,0,1,4,10673,838
q39,6,0,2,6,10212,933
q39,7,0,2,3,7572,895
q39,8,0,0,4,9430,540
q39,9,1,3,4,21855,671
q39,10,1,3,4,9653,878
q39,11,1,3,4,9128,540
q39,12,1,4,5,7395,859
q39,13,1,5,3,8964,732
q39,14,1,5,4,11319,973
q39,15,1,4,5,10177,1023
q39,16,1,4,5,9379,783
q39,17,1,5,3,9902,1335
q39,18,2,6,4,10266,144
q39,19,2,7,5,11338,1045
q39,20,2,6,4,8956,663
q39,21,2,7,5,10374,1103
q39,22,2,8,5,13199,694
q39,23,2,6,4,8815,775
q39,24,2,8,3,12076,916
q39,25,2,7,3,10014,929
q39,26,2,8,4,9806,1082
q40,0,0,0,4,12077,711
q40,1,0,0,3,11269,753
q40,2,0,1,3,10959,833
q40,3,0,2,4,9763,1112
q40,4,0,0,3,7441,957
q40,5,0,2,5,12004,994
q40,6,0,1,3,10831,1185
q40,7,0,1,3,8951,1225
q40,8,0,2,4,8458,1164
q40,9,1,3,5,9268,255
q40,10,1,3,3,9797,230
q40,11,1,3,5,8772,419
q40,12,1,4,4,8944,474
q40,13,1,4,3,8532,470
q40,14,1,4,4,9094,535
q40,15,1,5,4,10678,613
q40,16,1,5,6,9721,670
q40,17,1,5,3,9986,895
q40,18,2,6,2,10040,333
q40,19,2,7,3,9425,468
q40,20,2,7,2,8970,642
q40,21,2,8,6,9721,698
q40,22,2,7,4,8612,693
q40,23,2,8,4,10678,796
q40,24,2,6,4,9554,754
q40,25,2,8,3,9986,826
q40,26,2,6,4,9902,916
q41,0,0,0,5,15864,603
q41,1,0,1,5,10374,788
q41,2,0,2,4,15917,941
q41,3,0,1,4,13342,1099
q41,4,0,1,5,13688,1127
q41,5,0,2,4,13493,1398
q41,6,0,2,6,14098,1146
q41,7,0,0,4,14465,1487
q41,8,0,0,5,12571,1394
q42,0,0,0,5,9584,137
q42,1,0,0,4,11224,215
q42,2,0,0,6,10838,662
q42,3,0,1,5,9473,890
q42,4,0,1,4,15206,961
q42,5,0,2,2,8903,1026
q42,6,0,1,2,8735,881
q42,7,0,2,6,8644,1003
q42,8,0,2,5,8164,1143
q42,9,1,3,5,6821,545
q42,10,1,3,5,12226,639
q42,11,1,3,2,9516,923
q42,12,1,4,4,9080,779
q42,13,1,5,6,5315,709
q42,14,1,4,5,9004,924
q42,15,1,5,3,8745,912
q42,16,1,5,6,6504,918
q42,17,1,4,3,11672,1033
q42,18,2,6,5,6654,883
q42,19,2,7,4,9803,909
q42,20,2,6,3,11994,936
q42,21,2,6,5,9876,975
q42,22,2,7,4,9335,990
q42,23,2,8,1,8340,1005
q42,24,2,7,5,9409,1145
q42,25,2,8,6,9812,1066
q42,26,2,8,3,8462,1074
q43,0,0,0,5,8963,675
q43,1,0,1,4,11477,1038
q43,2,0,0,4,10870,580
q43,3,0,0,5,10534,799
q43,4,0,1,4,12273,980
q43,5,0,1,4,9417,1052
q43,6,0,2,5,8718,1306
q43,7,0,2,6,11634,1328
q43,8,0,2,5,10497,683
q44,0,0,0,4,9065,100
q44,1,0,0,3,11196,64
q44,2,0,0,4,9609,99
q44,3,0,1,5,12177,463
q44,4,0,2,5,10374,794
q44,5,0,1,4,10258,288
q44,6,0,2,3,10874,921
q44,7,0,2,3,12226,1059
q44,8,0,1,3,11274,688
q44,9,1,3,4,10717,116
q44,10,1,3,6,11811,331
q44,11,1,3,2,11717,89
q44,12,1,4,5,12660,631
q44,13,1,4,3,11705,586
q44,14,1,5,5,8385,689
q44,15,1,5,4,10857,860
q44,16,1,5,4,9891,1089
q44,17,1,4,5,14307,656
q44,18,2,6,5,31281,272
q44,19,2,6,5,11241,369
q44,20,2,7,4,11926,892
q44,21,2,7,4,11405,954
q44,22,2,7,5,11538,1075
q44,23,2,6,6,11301,975
q44,24,2,8,3,11516,173
q44,25,2,8,4,10947,673
q44,26,2,8,5,11205,666
q45,0,0,0,1,7589,184
q45,1,0,0,2,6848,389
q45,2,0,1,3,8016,899
q45,3,0,0,4,8087,365
q45,4,0,2,3,7715,835
q45,5,0,1,4,8901,893
q45,6,0,1,3,9028,677
q45,7,0,2,5,11616,784
q45,8,0,2,4,7980,677
q45,9,1,3,4,7977,248
q45,10,1,4,5,9292,512
q45,11,1,3,3,8523,656
q45,12,1,5,3,10249,673
q45,13,1,3,4,10380,895
q45,14,1,5,4,8097,864
q45,15,1,4,2,8558,1030
q45,16,1,5,3,9387,787
q45,17,1,4,3,6768,766
q45,18,2,6,2,8675,277
q45,19,2,7,3,9305,470
q45,20,2,6,3,8633,219
q45,21,2,7,6,9070,813
q45,22,2,8,2,8604,272
q45,23,2,6,3,9217,849
q45,24,2,7,4,9648,553
q45,25,2,8,2,9294,742
q45,26,2,8,3,7543,847
q46,0,0,0,3,9738,631
q46,1,0,1,6,8633,562
q46,2,0,0,6,7303,572
q46,3,0,0,4,8905,767
q46,4,0,1,5,10138,950
q46,5,0,1,3,9359,1002
q46,6,0,2,3,10312,1329
q46,7,0,2,4,11279,1351
q46,8,0,2,5,8815,1110
q47,0,0,0,4,10258,649
q47,1,0,1,6,10397,602
q47,2,0,1,4,10339,1004
q47,3,0,2,5,8985,1043
q47,4,0,0,3,10260,996
q47,5,0,2,5,10600,992
q47,6,0,0,5,10208,974
q47,7,0,2,4,13626,1147
q47,8,0,1,5,11731,1466
q47,9,1,3,4,10893,500
q47,10,1,4,4,10081,704
q47,11,1,4,3,8632,82
q47,12,1,4,5,10239,770
q47,13,1,5,4,9648,897
q47,14,1,5,5,12252,907
q47,15,1,3,5,10538,891
q47,16,1,5,6,8153,1017
q47,17,1,3,5,11678,1150
q47,18,2,6,4,10097,589
q47,19,2,6,4,10090,586
q47,20,2,7,4,11059,780
q47,21,2,7,5,7902,796
q47,22,2,7,6,7069,982
q47,23,2,6,3,13704,882
q48,0,0,0,5,9114,537
q48,1,0,1,4,10005,794
q48,2,0,2,2,8690,700
q48,3,0,1,4,7718,1089
q48,4,0,1,6,12560,671
q48,5,0,2,5,7477,735
q48,6,0,0,4,8898,1124
q48,7,0,2,3,9511,1606
q48,8,0,0,6,9025,1661
q49,0,0,0,4,12114,206
q49,1,0,1,5,7539,382
q49,2,0,1,5,8277,400
q49,3,0,2,3,10822,674
q49,4,0,0,4,9938,550
q49,5,0,0,4,9238,720
q49,6,0,1,5,8543,695
q49,7,0,2,3,9505,561
q49,8,0,2,5,10646,726
q49,9,1,3,4,10372,565
q49,10,1,3,4,7546,596
q49,11,1,3,3,8477,703
q49,12,1,4,4,7391,916
q49,13,1,5,5,39191,3015
q49,14,1,5,4,42811,3422
q49,15,1,5,2,39762,3681
q49,16,1,4,5,9221,1500
q49,17,1,4,3,8131,1568
q49,18,2,6,5,9367,616
q49,19,2,7,5,8159,737
q49,20,2,8,3,9280,1014
q49,21,2,7,3,8488,719
q49,22,2,8,5,8462,1209
q49,23,2,6,6,9569,994
q49,24,2,6,6,8019,1009
q49,25,2,7,5,12388,935
q49,26,2,8,5,9019,1541
q50,0,0,0,3,8474,201
q50,1,0,1,6,8337,480
q50,2,0,1,4,8385,536
q50,3,0,1,4,11213,532
q50,4,0,0,4,7735,802
q50,5,0,2,5,7171,850
q50,6,0,2,4,9747,994
q50,7,0,2,3,9848,1144
q50,8,0,0,5,8536,1268
q51,0,0,0,3,37560,1099
q51,1,0,1,6,41559,1703
q51,2,0,0,4,23835,1112
q51,3,0,0,4,40607,1300
q51,4,0,1,4,40594,2069
q51,5,0,2,5,36787,2209
q51,6,0,2,4,40286,3035
q51,7,0,2,4,41115,3015
q51,8,0,1,5,41198,3249
q51,9,1,3,6,31517,1888
q51,10,1,3,4,29207,1890
q51,11,1,4,5,31802,2110
q51,12,1,4,4,45985,2638
q51,13,1,5,4,44929,2512
q51,14,1,4,4,40194,3608
q51,15,1,3,5,31472,2834
q51,16,1,5,5,39204,3102
q51,17,1,5,2,43483,3323
q52,0,0,0,4,47652,2078
q52,1,0,0,6,41991,2277
q52,2,0,1,6,36484,2224
q52,3,0,2,4,30997,2525
q52,4,0,1,5,43727,2573
q52,5,0,2,5,35302,2647
q52,6,0,1,6,38348,3164
q52,7,0,2,6,35821,3514
q52,8,0,0,5,46050,3254
q53,0,0,0,6,40176,2942
q53,1,0,0,5,30998,2894
q53,2,0,1,5,44612,2734
q53,3,0,1,4,47655,3179
q53,4,0,2,4,45632,3358
q53,5,0,1,3,48445,3475
q53,6,0,0,5,45287,2654
q53,7,0,2,2,47861,3612
q53,8,0,2,4,48134,4254
q53,9,1,3,4,40857,2198
q53,10,1,3,4,46533,2281
q53,11,1,4,5,39115,2998
q53,12,1,5,4,41123,2757
q53,13,1,4,6,41370,3176
q53,14,1,5,6,41255,3065
q53,15,1,5,3,49124,3694
q53,16,1,4,4,44756,3680
q53,17,1,3,3,44829,2903
q53,18,2,6,5,37451,2147
q53,19,2,7,5,43709,2120
q53,20,2,6,3,46556,1771
q53,21,2,7,5,48796,2812
q53,22,2,7,4,45843,2764
q53,23,2,6,5,49096,3009
q53,24,2,8,4,42153,3163
q53,25,2,8,2,50064,3438
q53,26,2,8,3,51179,3879
q54,0,0,0,5,46670,1800
q54,1,0,1,5,46641,2336
q54,2,0,2,4,39739,2259
q54,3,0,0,6,45182,2425
q54,4,0,1,4,46839,2923
q54,5,0,1,6,44520,2930
q54,6,0,0,5,41646,2976
q54,7,0,2,3,45014,3333
q54,8,0,2,4,36909,3357
q54,9,1,3,5,30547,1708
q54,10,1,4,5,44729,2670
q54,11,1,5,3,40615,3003
q54,12,1,4,1,55457,3132
q54,13,1,3,5,38119,3105
q54,14,1,5,4,39081,3888
q54,15,1,3,5,43913,3663
q54,16,1,4,3,39238,3629
q54,17,1,5,5,41236,5283
q54,18,2,6,5,36076,2337
q54,19,2,6,5,30234,2261
q54,20,2,6,5,38545,2155
q54,21,2,7,6,37174,3023
q54,22,2,8,5,39014,2774
q54,23,2,8,4,40310,3798
q54,24,2,7,4,42496,3632
q54,25,2,7,5,38986,3293
q54,26,2,8,3,46733,4505
q55,0,0,0,4,39028,1391
q55,1,0,0,5,40569,1744
q55,2,0,0,5,38685,1680
q55,3,0,1,5,35285,1858
q55,4,0,1,6,34062,2993
q55,5,0,2,5,44830,2781
q55,6,0,2,4,42173,3140
q55,7,0,1,5,39012,3661
q55,8,0,2,4,40343,3497
q55,9,1,3,5,47016,2074
q55,10,1,3,5,39685,2294
q55,11,1,4,6,38060,2588
q55,12,1,5,5,37863,2875
q55,13,1,3,3,36599,3063
q55,14,1,5,4,40914,3320
q55,15,1,4,5,30380,3550
q55,16,1,5,3,45024,4551
q55,17,1,4,2,43644,3098
q55,18,2,6,6,36021,2299
q55,19,2,7,5,36942,2624
q55,20,2,6,4,36558,2623
q55,21,2,6,5,33069,3700
q55,22,2,7,5,39265,4797
q55,23,2,7,4,45982,4815
q56,0,0,0,6,25670,904
q56,1,0,0,4,41745,1743
q56,2,0,1,5,30025,2321
q56,3,0,0,5,39830,2643
q56,4,0,2,4,44258,2753
q56,5,0,2,4,38566,3097
q56,6,0,1,5,31495,2900
q56,7,0,2,5,42478,3159
q56,8,0,1,4,36477,3034
q57,0,0,0,5,43085,2367
q57,1,0,1,6,39308,2584
q57,2,0,1,6,40004,3077
q57,3,0,1,5,29633,3633
q57,4,0,0,3,51935,3679
q57,5,0,2,5,46873,3383
q57,6,0,2,4,46941,3469
q57,7,0,2,4,36857,3765
q57,8,0,0,6,51387,6428
q58,0,0,0,4,33987,866
q58,1,0,0,3,35601,1121
q58,2,0,1,3,36133,1388
q58,3,0,1,5,40329,1593
q58,4,0,1,5,38692,2247
q58,5,0,2,3,31035,2261
q58,6,0,0,5,38190,2902
q58,7,0,2,5,39026,3499
q58,8,0,2,4,34366,2436
q58,9,1,3,3,25491,1162
q58,10,1,4,6,31795,1022
q58,11,1,5,4,38751,1309
q58,12,1,4,5,27136,1905
q58,13,1,3,4,30994,2546
q58,14,1,4,4,36602,3062
q58,15,1,5,3,37940,3333
q58,16,1,3,4,35626,3773
q58,17,1,5,4,34951,3539
q58,18,2,6,3,29547,1202
q58,19,2,6,5,34103,1775
q58,20,2,6,5,32533,1559
q58,21,2,7,3,32436,2548
q58,22,2,7,3,40061,2758
q58,23,2,7,6,33824,3436
q58,24,2,8,5,40782,3517
q58,25,2,8,5,35164,3275
q58,26,2,8,4,41132,3515
q59,0,0,0,6,33363,1128
q59,1,0,0,2,34557,1605
q59,2,0,1,4,33735,1891
q59,3,0,1,4,38102,1830
q59,4,0,2,6,27123,2076
q59,5,0,2,4,32322,2377
q59,6,0,0,6,32711,2212
q59,7,0,2,5,42377,2200
q59,8,0,1,3,39399,2714
q59,9,1,3,3,37196,854
q59,10,1,4,3,34645,1028
q59,11,1,5,5,31347,1405
q59,12,1,5,6,34439,1227
q59,13,1,4,3,37170,1377
q59,14,1,5,5,37641,1810
q59,15,1,3,4,31765,1943
q59,16,1,3,4,40251,2689
q59,17,1,4,3,45509,1280
q60,0,0,0,4,35222,2231
q60,1,0,0,6,33653,2739
q60,2,0,1,5,35433,3176
q60,3,0,2,5,46410,3014
q60,4,0,2,4,29742,3210
q60,5,0,0,4,34719,3590
q60,6,0,2,4,43230,3910
q60,7,0,1,4,37346,3705
q60,8,0,1,4,49102,5808
q60,9,1,3,5,29715,1719
q60,10,1,4,4,29695,1286
q60,11,1,3,4,39798,2340
q60,12,1,4,4,44162,2210
q60,13,1,5,6,37999,3160
q60,14,1,5,4,47695,3635
q60,15,1,5,5,41438,4469
q60,16,1,3,3,42911,4153
q60,17,1,4,4,39840,3442
q60,18,2,6,6,31353,1085
q60,19,2,7,4,43490,2468
q60,20,2,8,6,43096,3175
q60,21,2,8,3,40567,3110
q60,22,2,8,4,48315,3109
q60,23,2,6,4,47038,3214
q60,24,2,7,6,29766,3342
q60,25,2,7,6,36854,3332
q60,26,2,6,3,41971,3601
q61,0,0,0,4,26529,1066
q61,1,0,0,2,31333,1701
q61,2,0,1,6,32288,2324
q61,3,0,2,4,41287,3157
q61,4,0,1,3,30105,2556
q61,5,0,1,4,38425,3109
q61,6,0,2,5,38766,3500
q61,7,0,2,3,47430,4228
q61,8,0,0,4,44443,3615
q61,9,1,3,4,37796,1254
q61,10,1,4,4,36679,1235
q61,11,1,3,6,36352,1735
q61,12,1,5,3,28473,1466
q61,13,1,5,4,29796,2139
q61,14,1,4,5,41760,2959
q61,15,1,4,5,44484,3078
q61,16,1,3,4,39573,3148
q61,17,1,5,4,36062,3515
q61,18,2,6,5,30078,831
q61,19,2,7,4,37796,1494
q61,20,2,6,3,37816,1978
q61,21,2,8,4,45451,1990
q61,22,2,7,3,41530,2624
q61,23,2,7,3,39859,2699
q61,24,2,6,4,34968,2798
q61,25,2,8,3,42208,3514
q61,26,2,8,5,34808,3253
q62,0,0,0,4,34216,1313
q62,1,0,0,3,42671,1847
q62,2,0,0,6,37452,2796
q62,3,0,1,4,34042,2844
q62,4,0,1,6,35175,3467
q62,5,0,2,4,44669,3746
q62,6,0,2,5,36779,3735
q62,7,0,1,5,42407,3858
q62,8,0,2,4,40056,4676
q63,0,0,0,4,30707,1272
q63,1,0,1,4,30903,1265
q63,2,0,2,4,32749,2086
q63,3,0,2,4,26990,2725
q63,4,0,0,4,30351,2349
q63,5,0,0,4,34287,1998
q63,6,0,1,5,33793,3404
q63,7,0,2,4,36742,2585
q63,8,0,1,5,33756,3132
q63,9,1,3,0,0,208
q63,10,1,4,3,35202,1276
q63,11,1,5,5,22278,2126
q63,12,1,3,6,32148,889
q63,13,1,4,5,36761,1933
q63,14,1,4,5,39375,2656
q63,15,1,5,4,34650,2873
q63,16,1,5,3,40481,3397
q63,17,1,3,3,38405,5282
q63,18,2,6,4,37371,1829
q63,19,2,7,5,25713,1740
q63,20,2,6,5,27950,2181
q63,21,2,6,6,28169,1948
q63,22,2,7,5,31775,1980
q63,23,2,8,4,28630,1859
q63,24,2,8,4,32594,2473
q63,25,2,7,4,32322,2438
q63,26,2,8,3,33057,2690
q64,0,0,0,5,31706,1300
q64,1,0,1,5,40125,2224
q64,2,0,2,6,32156,2038
q64,3,0,2,4,44846,2802
q64,4,0,2,4,35747,2771
q64,5,0,0,3,42247,3189
q64,6,0,0,4,48554,3145
q64,7,0,1,5,50321,3410
q64,8,0,1,4,44863,3565
q64,9,1,3,0,0,83
q64,10,1,4,6,38440,2304
q64,11,1,4,5,18817,891
q64,12,1,4,5,34579,1111
q64,13,1,3,5,38516,2695
q64,14,1,5,5,45616,4730
q64,15,1,5,3,44456,2169
q64,16,1,3,4,38393,3380
q64,17,1,5,5,29586,3650
q65,0,0,0,6,22114,1495
q65,1,0,1,5,35798,2310
q65,2,0,2,6,37298,2925
q65,3,0,2,5,41982,3279
q65,4,0,2,4,35325,3632
q65,5,0,1,2,44468,3775
q65,6,0,0,4,28070,3860
q65,7,0,1,6,38539,3914
q65,8,0,0,3,41127,3037
q65,9,1,3,6,12745,1094
q65,10,1,3,6,28220,2389
q65,11,1,3,4,31518,2551
q65,12,1,4,4,27071,2235
q65,13,1,5,6,32825,3052
q65,14,1,4,5,31394,2611
q65,15,1,5,2,48158,2843
q65,16,1,5,4,39329,3243
q65,17,1,4,3,40527,3637
q66,0,0,0,5,33267,1152
q66,1,0,0,6,34868,1205
q66,2,0,1,6,34951,2516
q66,3,0,1,5,40432,2673
q66,4,0,1,5,30063,3325
q66,5,0,2,4,36722,4028
q66,6,0,2,6,37044,4066
q66,7,0,0,4,36442,3711
q66,8,0,2,5,40414,4626
q67,0,0,0,6,28261,1183
q67,1,0,0,5,28078,2067
q67,2,0,1,3,32522,2050
q67,3,0,2,4,34026,2503
q67,4,0,0,5,34061,2455
q67,5,0,1,4,31914,3398
q67,6,0,1,5,29188,3395
q67,7,0,2,3,37175,4432
q67,8,0,2,2,37094,11183
q68,0,0,0,4,34827,2300
q68,1,0,1,6,36252,2208
q68,2,0,1,5,38000,2612
q68,3,0,0,5,40481,2942
q68,4,0,1,5,46618,2949
q68,5,0,2,4,49589,4158
q68,6,0,2,5,48351,4022
q68,7,0,2,4,48155,4754
q68,8,0,0,4,50556,4865
q69,0,0,0,6,37223,1269
q69,1,0,0,5,45221,3396
q69,2,0,1,5,46315,3273
q69,3,0,0,5,41290,3787
q69,4,0,1,4,46047,3581
q69,5,0,2,5,43403,5334
q69,6,0,2,5,47607,5997
q69,7,0,2,5,49033,5993
q69,8,0,1,6,48918,5395
q70,0,0,0,6,15357,1831
q70,1,0,0,5,39565,1583
q70,2,0,1,5,43329,1930
q70,3,0,2,6,38290,1744
q70,4,0,1,5,21130,2182
q70,5,0,1,6,40552,2355
q70,6,0,0,6,31477,2235
q70,7,0,2,6,34919,3017
q70,8,0,2,5,40485,2869
q71,0,0,0,4,28953,2014
q71,1,0,0,6,35463,2657
q71,2,0,1,6,25984,2549
q71,3,0,0,3,52851,3121
q71,4,0,2,4,38853,3099
q71,5,0,1,6,42274,4210
q71,6,0,2,5,48973,4681
q71,7,0,2,5,34463,4692
q71,8,0,1,5,40682,4775
q72,0,0,0,5,42204,2626
q72,1,0,0,3,46831,2416
q72,2,0,1,3,42230,3398
q72,3,0,2,5,41188,3868
q72,4,0,1,4,40571,3819
q72,5,0,1,3,42785,3379
q72,6,0,2,5,42870,4171
q72,7,0,2,5,47389,4829
q72,8,0,0,5,46088,4959
q73,0,0,0,5,31934,2393
q73,1,0,1,4,36712,2139
q73,2,0,0,6,19412,1992
q73,3,0,2,6,38317,3066
q73,4,0,1,4,45454,3203
q73,5,0,0,6,36488,3399
q73,6,0,2,5,44626,4274
q73,7,0,2,3,48291,4042
q73,8,0,1,5,48425,4580
q74,0,0,0,4,34189,2178
q74,1,0,0,5,39993,2889
q74,2,0,1,6,36298,3052
q74,3,0,0,5,36643,2931
q74,4,0,1,6,29162,2931
q74,5,0,2,6,30597,3344
q74,6,0,2,6,39676,3500
q74,7,0,1,5,38455,3595
q74,8,0,2,5,44134,4466
q74,9,1,3,4,38942,1060
q74,10,1,4,2,44372,1315
q74,11,1,3,5,36065,3117
q74,12,1,4,3,47499,2652
q74,13,1,5,5,48549,2830
q74,14,1,4,4,37147,3041
q74,15,1,5,2,42616,4041
q74,16,1,5,3,45955,4924
q74,17,1,3,4,43739,2876
q74,18,2,6,2,38649,3277
q74,19,2,7,1,43034,2198
q74,20,2,7,5,38238,2443
q74,21,2,7,6,35787,2049
q74,22,2,8,5,39596,2721
q74,23,2,6,3,36510,2742
q74,24,2,8,4,47352,3319
q74,25,2,8,4,38506,2946
q74,26,2,6,4,43153,3757
q75,0,0,0,6,31720,1029
q75,1,0,1,6,25288,1957
q75,2,0,0,3,36301,3183
q75,3,0,1,4,35481,3054
q75,4,0,1,3,32039,2572
q75,5,0,2,4,35373,3516
q75,6,0,2,4,38516,3588
q75,7,0,2,3,34124,3684
q75,8,0,0,3,31419,4394
q75,9,1,3,5,26692,1628
q75,10,1,4,4,34621,1570
q75,11,1,4,6,18067,1963
q75,12,1,3,4,33473,2934
q75,13,1,5,4,41393,1696
q75,14,1,5,6,36513,2414
q75,15,1,5,6,31774,2235
q75,16,1,3,5,29382,2786
q75,17,1,4,2,38655,3080
q75,18,2,6,4,41393,897
q75,19,2,6,6,27097,826
q75,20,2,6,4,32508,1057
q75,21,2,7,2,37952,1896
q75,22,2,7,4,29830,2399
q75,23,2,8,4,36600,2107
q75,24,2,8,4,32243,2714
q75,25,2,8,4,35758,2725
q75,26,2,7,4,37363,3659
q76,0,0,0,5,36772,2030
q76,1,0,1,4,34265,1777
q76,2,0,2,4,29734,2457
q76,3,0,0,6,35288,3252
q76,4,0,2,5,44840,3465
q76,5,0,1,4,28817,3511
q76,6,0,0,4,38408,4292
q76,7,0,2,5,38277,3419
q76,8,0,1,4,35076,3495
q77,0,0,0,4,25952,1056
q77,1,0,0,6,34857,1379
q77,2,0,1,4,38406,1936
q77,3,0,1,5,38958,2043
q77,4,0,2,5,32956,2298
q77,5,0,2,5,31666,2337
q77,6,0,2,5,37508,2422
q77,7,0,1,4,44104,2577
q77,8,0,0,5,37934,2560
q77,9,1,3,6,43727,947
q77,10,1,3,5,30004,914
q77,11,1,3,6,28456,1184
q77,12,1,4,3,35933,3060
q77,13,1,5,4,38805,2991
q77,14,1,4,5,37200,3662
q77,15,1,4,4,44413,3457
q77,16,1,5,5,48416,3560
q77,17,1,5,5,46298,3808
q78,0,0,0,6,40916,1596
q78,1,0,1,3,40714,928
q78,2,0,2,5,44006,2654
q78,3,0,2,5,39612,2971
q78,4,0,0,6,45214,1744
q78,5,0,0,6,45476,1982
q78,6,0,1,6,42802,2600
q78,7,0,1,5,41248,2748
q78,8,0,2,5,36211,3354
q79,0,0,0,4,33630,2100
q79,1,0,1,3,40182,944
q79,2,0,2,4,37970,2030
q79,3,0,1,6,34478,2372
q79,4,0,2,2,36750,1938
q79,5,0,0,4,38579,2228
q79,6,0,0,4,38191,3149
q79,7,0,2,2,40552,3356
q79,8,0,1,5,33572,3079
q79,9,1,3,4,35081,796
q79,10,1,4,5,29084,1030
q79,11,1,4,5,37293,886
q79,12,1,3,6,22760,2082
q79,13,1,3,1,47850,870
q79,14,1,4,4,42292,1511
q79,15,1,5,4,35534,1602
q79,16,1,5,5,31981,1886
q79,17,1,5,5,36242,2449
q79,18,2,6,4,40537,1059
q79,19,2,7,2,46720,1891
q79,20,2,7,5,36242,2104
q79,21,2,8,5,37293,2621
q79,22,2,6,1,47850,2499
q79,23,2,8,3,50013,3307
q79,24,2,7,4,37706,3246
q79,25,2,8,6,28828,3477
q79,26,2,6,6,22760,3949
q80,0,0,0,4,34991,695
q80,1,0,1,4,30529,1191
q80,2,0,0,5,24769,986
q80,3,0,2,6,22355,1307
q80,4,0,2,6,10042,1319
q80,5,0,0,6,26914,1514
q80,6,0,2,5,22295,1761
q80,7,0,1,5,36629,2368
q80,8,0,1,3,44215,4159
q80,9,1,3,4,33315,1072
q80,10,1,3,4,35668,1133
q80,11,1,3,4,31412,1616
q80,12,1,4,3,39260,1701
q80,13,1,4,5,36880,2862
q80,14,1,5,4,41368,3588
q80,15,1,5,3,36657,3311
q80,16,1,4,3,43398,3696
q80,17,1,5,5,39660,4663
q80,18,2,6,6,25574,871
q80,19,2,7,5,27626,1381
q80,20,2,7,6,27064,1680
q80,21,2,8,5,33227,1928
q80,22,2,6,4,40225,2037
q80,23,2,7,6,35291,2013
q80,24,2,8,4,44374,2481
q80,25,2,6,5,30982,2441
q80,26,2,8,5,33907,2556
q81,0,0,0,3,40987,1567
q81,1,0,1,5,33199,1734
q81,2,0,0,5,32781,1354
q81,3,0,2,4,36311,1569
q81,4,0,2,4,43757,1982
q81,5,0,1,6,34053,2462
q81,6,0,1,6,33069,2538
q81,7,0,2,3,44837,3298
q81,8,0,0,3,44532,4199
q81,9,1,3,6,28030,978
q81,10,1,4,4,38993,1898
q81,11,1,3,5,34101,2929
q81,12,1,5,4,44880,1442
q81,13,1,5,4,26937,1627
q81,14,1,3,4,43442,3136
q81,15,1,5,5,43030,3217
q81,16,1,4,3,41285,4667
q81,17,1,4,5,39668,2659
q81,18,2,6,5,32970,1256
q81,19,2,7,4,30863,2074
q81,20,2,8,6,32876,2301
q81,21,2,7,4,38084,2725
q81,22,2,8,6,38535,3272
q81,23,2,8,6,46242,3492
q81,24,2,6,5,42067,3226
q81,25,2,7,3,49805,3742
q81,26,2,6,5,42316,4526
q82,0,0,0,5,34781,2145
q82,1,0,1,5,41303,2434
q82,2,0,1,4,39464,2489
q82,3,0,1,3,37917,2933
q82,4,0,0,4,39460,2981
q82,5,0,2,6,46690,3292
q82,6,0,0,4,42331,3597
q82,7,0,2,3,54367,4294
q82,8,0,2,4,52611,4585
q82,9,1,3,2,39606,1592
q82,10,1,4,4,45023,2208
q82,11,1,4,2,30553,1957
q82,12,1,4,3,50984,2212
q82,13,1,5,4,36792,3657
q82,14,1,3,4,37322,2607
q82,15,1,5,5,45773,4938
q82,16,1,5,3,40356,4275
q82,17,1,3,2,37642,4211
q82,18,2,6,4,32241,1274
q82,19,2,6,2,48493,2257
q82,20,2,7,2,42780,3140
q82,21,2,8,2,52384,3385
q82,22,2,8,2,47960,4332
q82,23,2,7,3,46977,4434
q82,24,2,6,4,45564,2691
q82,25,2,7,5,45779,2958
q82,26,2,8,3,50048,4069
q83,0,0,0,5,41567,2737
q83,1,0,0,4,49008,2795
q83,2,0,1,5,44258,3911
q83,3,0,1,5,42029,4160
q83,4,0,0,4,46215,3026
q83,5,0,2,4,44249,3110
q83,6,0,2,4,43225,4054
q83,7,0,2,5,41553,3900
q83,8,0,1,5,43727,6019
q84,0,0,0,4,38595,802
q84,1,0,0,6,23964,1404
q84,2,0,1,5,36792,1935
q84,3,0,2,4,40398,2188
q84,4,0,0,5,34694,1857
q84,5,0,2,5,34110,2343
q84,6,0,1,3,48957,2855
q84,7,0,2,4,40656,2960
q84,8,0,1,4,37917,3133
q84,9,1,3,5,27084,1838
q84,10,1,4,4,33163,1203
q84,11,1,3,3,37902,3152
q84,12,1,5,5,28672,3020
q84,13,1,4,4,40194,2355
q84,14,1,3,6,31227,2597
q84,15,1,4,4,31177,2572
q84,16,1,5,5,36369,3260
q84,17,1,5,6,33279,4283
q84,18,2,6,5,28099,1327
q84,19,2,6,5,18047,1653
q84,20,2,7,5,29573,3007
q84,21,2,6,5,31429,2375
q84,22,2,8,4,34703,2992
q84,23,2,7,5,44705,3468
q84,24,2,8,6,35493,3397
q84,25,2,7,3,31291,3846
q84,26,2,8,4,42876,3120
q85,0,0,0,6,12736,903
q85,1,0,0,4,26694,2041
q85,2,0,1,4,38950,2379
q85,3,0,2,5,36801,2792
q85,4,0,1,4,28625,2734
q85,5,0,2,4,39591,2942
q85,6,0,2,4,35896,2939
q85,7,0,0,4,41517,3946
q85,8,0,1,4,39459,4225
q85,9,1,3,5,29493,2248
q85,10,1,3,3,32769,2304
q85,11,1,4,5,30206,2780
q85,12,1,5,6,33239,3017
q85,13,1,5,3,38967,2973
q85,14,1,3,6,31607,3435
q85,15,1,4,5,30130,3458
q85,16,1,5,6,33768,3765
q85,17,1,4,4,29482,3185
q86,0,0,0,5,38877,1191
q86,1,0,0,6,30234,1253
q86,2,0,0,4,37151,2219
q86,3,0,1,6,38951,3423
q86,4,0,2,5,35345,3505
q86,5,0,1,6,46476,3747
q86,6,0,2,4,51736,3850
q86,7,0,2,5,35370,4084
q86,8,0,1,4,40661,4359
q87,0,0,0,6,29240,1287
q87,1,0,1,4,43059,1412
q87,2,0,1,6,27349,2068
q87,3,0,2,6,35188,2204
q87,4,0,1,5,52732,2317
q87,5,0,2,4,38563,2409
q87,6,0,0,5,43387,2958
q87,7,0,0,5,50762,4173
q87,8,0,2,3,51212,4180
q87,9,1,3,6,31074,920
q87,10,1,3,5,33556,1771
q87,11,1,3,4,48180,2173
q87,12,1,4,4,42483,2414
q87,13,1,5,5,39283,2638
q87,14,1,4,4,42787,2105
q87,15,1,4,5,43401,2886
q87,16,1,5,5,48736,3456
q87,17,1,5,5,48800,4457
q87,18,2,6,6,36893,2205
q87,19,2,7,5,43803,2765
q87,20,2,6,4,45589,2846
q87,21,2,7,5,42819,3277
q87,22,2,6,5,40276,3342
q87,23,2,7,6,44162,3233
q88,0,0,0,6,22840,881
q88,1,0,0,4,37024,738
q88,2,0,0,5,35348,1132
q88,3,0,1,6,19732,2149
q88,4,0,1,5,33178,1977
q88,5,0,2,5,28861,2175
q88,6,0,1,5,34496,1818
q88,7,0,2,6,32794,2654
q88,8,0,2,4,40729,3254
q89,0,0,0,4,36932,2168
q89,1,0,1,3,46055,2012
q89,2,0,1,5,23747,2523
q89,3,0,2,5,28917,2786
q89,4,0,2,4,45479,3103
q89,5,0,1,4,39694,2992
q89,6,0,2,5,33372,3340
q89,7,0,0,4,43910,3000
q89,8,0,0,5,37482,3470
q89,9,1,3,5,18561,747
q89,10,1,4,6,26458,887
q89,11,1,5,4,31896,2040
q89,12,1,4,4,34313,1912
q89,13,1,4,3,44843,2043
q89,14,1,3,6,15720,2282
q89,15,1,5,5,44420,2803
q89,16,1,3,6,33411,2762
q89,17,1,5,6,38092,3496
q89,18,2,6,5,26211,1645
q89,19,2,6,3,41536,1752
q89,20,2,7,5,37968,1211
q89,21,2,8,5,33587,3249
q89,22,2,6,3,48592,3184
q89,23,2,8,6,35456,3454
q89,24,2,7,3,42139,3566
q89,25,2,7,4,34233,3078
q89,26,2,8,4,44225,3751
q90,0,0,0,5,43013,1869
q90,1,0,0,5,44732,2406
q90,2,0,1,5,44158,2604
q90,3,0,1,5,48480,3343
q90,4,0,2,6,45028,3295
q90,5,0,0,4,46277,3395
q90,6,0,2,6,44019,3663
q90,7,0,2,5,41582,4357
q90,8,0,1,3,52182,2138
q90,9,1,3,5,33726,1002
q90,10,1,3,3,37266,3081
q90,11,1,4,5,26987,2926
q90,12,1,5,2,45280,2967
q90,13,1,5,3,46415,4014
q90,14,1,4,5,40665,3516
q90,15,1,4,6,31534,4066
q90,16,1,3,3,50725,4935
q90,17,1,5,2,50117,3796
q90,18,2,6,5,32005,1878
q90,19,2,7,5,50371,2338
q90,20,2,8,6,34184,3026
q90,21,2,7,3,44889,3166
q90,22,2,8,5,48709,2845
q90,23,2,8,6,43210,2873
q90,24,2,6,5,43035,3270
q90,25,2,6,5,36815,4016
q90,26,2,7,3,46415,5406
q91,0,0,0,6,9064,1113
q91,1,0,0,6,10495,1771
q91,2,0,1,5,13416,2323
q91,3,0,1,6,22082,2652
q91,4,0,0,6,17208,2381
q91,5,0,1,5,29216,1840
q91,6,0,2,4,30040,2585
q91,7,0,2,4,30852,2707
q91,8,0,2,5,28513,3581
q91,9,1,3,4,1734,1149
q91,10,1,4,6,16709,1148
q91,11,1,5,6,10160,1330
q91,12,1,5,5,26965,1933
q91,13,1,4,4,32857,2491
q91,14,1,5,6,23282,2574
q91,15,1,3,5,25576,2489
q91,16,1,4,4,36089,3032
q91,17,1,3,5,31538,3119
q91,18,2,6,5,31051,1240
q91,19,2,7,6,19795,1196
q91,20,2,7,6,24046,1392
q91,21,2,8,6,15291,981
q91,22,2,8,4,33570,2589
q91,23,2,6,5,30466,987
q91,24,2,6,6,27644,2489
q91,25,2,8,4,31365,3000
q91,26,2,7,6,30364,2033
q92,0,0,0,5,40574,2248
q92,1,0,0,5,36361,2002
q92,2,0,1,5,37436,2476
q92,3,0,2,4,34771,2809
q92,4,0,0,3,44779,3267
q92,5,0,1,5,35081,3501
q92,6,0,2,4,44823,3486
q92,7,0,2,3,41149,3456
q92,8,0,1,5,40051,3306
q92,9,1,3,6,30478,862
q92,10,1,4,3,28644,2170
q92,11,1,3,4,36473,2074
q92,12,1,5,5,40126,2168
q92,13,1,3,5,34625,2937
q92,14,1,5,6,36218,3621
q92,15,1,5,4,30577,2525
q92,16,1,4,5,37068,3728
q92,17,1,4,6,44833,3602
q92,18,2,6,4,36615,2942
q92,19,2,7,5,39176,2507
q92,20,2,6,5,32118,2123
q92,21,2,7,5,30384,3109
q92,22,2,6,5,32352,2897
q92,23,2,7,5,35068,3455
q93,0,0,0,5,32284,2121
q93,1,0,0,5,47483,3234
q93,2,0,1,3,51708,2657
q93,3,0,1,5,47312,2959
q93,4,0,2,6,27079,3766
q93,5,0,1,3,42431,3192
q93,6,0,2,6,32984,3645
q93,7,0,2,4,44494,3982
q93,8,0,0,5,48156,6423
q94,0,0,0,5,40300,1259
q94,1,0,1,6,29779,1754
q94,2,0,0,6,32991,1743
q94,3,0,2,5,37939,1999
q94,4,0,0,5,28165,1893
q94,5,0,2,4,43359,2294
q94,6,0,1,5,38526,2329
q94,7,0,2,4,34813,2579
q94,8,0,1,4,48032,3264
q95,0,0,0,6,33029,944
q95,1,0,1,4,40182,1618
q95,2,0,2,6,33875,1440
q95,3,0,2,5,39779,2314
q95,4,0,1,4,43782,2863
q95,5,0,2,5,28660,2630
q95,6,0,1,5,43270,3225
q95,7,0,0,3,40042,3958
q95,8,0,0,6,37989,4076
q96,0,0,0,5,43283,2533
q96,1,0,1,5,40201,2943
q96,2,0,2,5,48209,3238
q96,3,0,1,6,38775,3115
q96,4,0,0,6,46226,3201
q96,5,0,2,5,41428,2712
q96,6,0,2,4,40029,2501
q96,7,0,1,5,42404,4907
q96,8,0,0,2,55060,6043
q97,0,0,0,6,29916,2108
q97,1,0,1,3,37514,1535
q97,2,0,1,4,41773,2237
q97,3,0,2,5,34284,2258
q97,4,0,0,4,37850,2223
q97,5,0,2,5,32234,3009
q97,6,0,0,4,49653,3955
q97,7,0,2,2,44460,3335
q97,8,0,1,3,28839,4031
q98,0,0,0,4,43462,864
q98,1,0,0,6,34292,1976
q98,2,0,0,6,39714,2393
q98,3,0,1,4,36255,2505
q98,4,0,1,5,43755,2716
q98,5,0,1,5,42213,2608
q98,6,0,2,4,37990,2688
q98,7,0,2,4,36937,3121
q98,8,0,2,4,34102,3659
q98,9,1,3,6,40770,1489
q98,10,1,3,6,20513,1322
q98,11,1,4,6,34834,1722
q98,12,1,4,6,45326,1987
q98,13,1,3,6,36347,1903
q98,14,1,5,5,45017,2042
q98,15,1,5,6,27478,2121
q98,16,1,5,6,25168,2627
q98,17,1,4,5,34510,3057
q98,18,2,6,6,26924,935
q98,19,2,7,6,34834,2408
q98,20,2,6,5,28002,1374
q98,21,2,8,6,26887,1915
q98,22,2,6,5,28258,1870
q98,23,2,7,6,40182,2847
q98,24,2,7,5,27559,2814
q98,25,2,8,6,41317,2821
q98,26,2,8,6,39096,3950
q99,0,0,0,5,34181,958
q99,1,0,0,5,40130,1113
q99,2,0,1,5,35487,1144
q99,3,0,2,6,34985,1335
q99,4,0,2,6,43724,1533
q99,5,0,1,6,33096,2394
q99,6,0,2,4,35889,3029
q99,7,0,1,6,47517,3332
q99,8,0,0,5,41903,3603
q99,9,1,3,6,40735,895
q99,10,1,3,5,41629,2260
q99,11,1,4,4,41017,2723
q99,12,1,3,6,31500,2725
q99,13,1,5,5,37526,2335
q99,14,1,4,4,42458,3151
q99,15,1,4,5,43124,3640
q99,16,1,5,4,41164,3243
q99,17,1,5,5,28138,3679
q100,0,0,0,5,42501,2345
q100,1,0,1,3,37949,2739
q100,2,0,2,5,35499,2850
q100,3,0,0,5,40052,2798
q100,4,0,1,5,40311,3357
q100,5,0,0,6,39867,3302
q100,6,0,2,5,42283,3137
q100,7,0,2,2,43208,3335
q100,8,0,1,4,36775,3814
q100,9,1,3,4,45343,2032
q100,10,1,4,4,38943,2073
q100,11,1,5,6,47314,2633
q100,12,1,5,5,44199,2766
q100,13,1,3,6,31474,2762
q100,14,1,4,5,35780,3055
q100,15,1,4,5,36172,3693
q100,16,1,3,3,53173,3747
q100,17,1,5,3,40540,3804
q100,18,2,6,5,40950,2093
q100,19,2,6,5,35780,3010
q100,20,2,7,3,41554,2802
q100,21,2,8,5,33090,2670
q100,22,2,7,4,41620,3267
q100,23,2,6,5,36172,4171
q100,24,2,7,2,46424,3113
q100,25,2,8,5,37935,4166
q100,26,2,8,3,42921,4227
