sample_id,b01_full_prefill,b03_full_reuse,b40_dV50_tok,b41_dV50_lay,b42_dK50_tok,b43_dK50_lay,b50_mxdv75_tok,b51_mxdv75_lay,b52_mxdv50_tok,b53_mxdv50_lay,b54_mxdv25_tok,b55_mxdv25_lay
q0,0.0,0.0,0.0,0.0,0.25,0.0,0.0,0.0,0.0,0.0,0.0,0.2222222222222222
q1,0.0,0.5,0.0,0.0,0.3333333333333333,0.0,0.28571428571428575,0.0,0.3333333333333333,0.0,0.0,0.0
q2,0.0,0.0,0.0,0.0,0.0,0.0,0.0,0.0,0.0,0.0,0.0,0.0
q3,1.0,1.0,1.0,1.0,1.0,1.0,1.0,1.0,1.0,1.0,1.0,1.0
q4,0.0,0.0,0.0,0.0,0.0,0.0,0.0,0.0,0.0,0.0,0.0,0.125
q5,0.0,0.0,0.0,0.0,0.0,0.0,0.0,0.0,0.0,0.0,0.0,0.0
q6,0.6666666666666665,0.8,0.6666666666666665,0.8,0.6666666666666665,0.6666666666666665,0.8,0.6666666666666665,0.6666666666666665,0.6666666666666665,0.8,0.6666666666666665
q7,0.0,0.0,0.0,0.0,0.0,0.0,0.0,0.0,0.0,0.0,0.0,0.0
q8,0.4,0.0,0.7499999999999999,0.5714285714285715,0.4,0.4,0.0,0.8,0.0,0.6666666666666666,0.3333333333333333,0.0
q9,0.0,0.0,0.0,0.0,0.0,0.0,0.0,0.0,0.0,0.0,0.0,0.0
q10,0.6666666666666666,0.0,1.0,1.0,1.0,1.0,0.0,1.0,0.0,1.0,1.0,0.0
q11,0.0,0.046511627906976744,0.08695652173913045,0.0,0.04081632653061225,0.0392156862745098,0.0625,0.33333333333333337,0.08695652173913045,0.0392156862745098,0.08695652173913045,0.02777777777777778
q12,1.0,1.0,0.0,0.0,0.0,0.0,0.0,0.0,1.0,1.0,0.0,1.0
q13,1.0,1.0,1.0,0.0,1.0,0.0,1.0,1.0,1.0,1.0,0.0,1.0
q14,0.0,0.0,0.0,0.0,0.0,0.0,0.0,0.0,0.0,0.0,0.0,0.0
q15,0.28571428571428575,0.3076923076923077,0.5333333333333333,0.22222222222222224,0.32,0.2,0.4444444444444445,0.25,0.47058823529411764,0.22222222222222224,0.4285714285714285,0.25806451612903225
q16,0.0,0.0,0.0,0.0,0.0,0.0,0.0,0.0,0.0,0.0,0.0,0.0
q17,0.0,0.0,0.0,0.0,0.0,0.0,0.0,0.0,0.0,0.0,0.0,0.0
q18,1.0,1.0,1.0,1.0,1.0,1.0,1.0,1.0,1.0,1.0,1.0,1.0
q19,0.14285714285714288,0.15384615384615383,0.0,0.0,0.08,0.0,0.1904761904761905,0.11764705882352942,0.08695652173913043,0.0,0.0,0.28571428571428575
q20,0.5833333333333334,0.0,0.25,0.6086956521739131,0.2,0.6363636363636364,0.43478260869565216,0.5555555555555556,0.6,0.25,0.0,0.5555555555555556
q21,0.0,0.0,0.0,0.0,0.0,0.0,0.0,0.0,0.0,0.0,0.0,0.0
q22,0.0,0.0,0.0,0.0,0.0,0.4,0.4,0.0,0.0,0.0,0.4,0.0
q23,1.0,1.0,1.0,1.0,1.0,1.0,1.0,1.0,1.0,1.0,1.0,1.0
q24,0.4,0.18181818181818182,0.0,0.2608695652173913,0.4,0.2222222222222222,0.4,0.2,0.4,0.2,0.2,0.3333333333333333
q25,0.0,0.0,0.0,0.0,0.0,0.0,0.0,0.0,0.0,0.0,0.0,0.0
q26,0.4444444444444445,0.30769230769230765,0.888888888888889,0.6666666666666665,0.28571428571428575,0.4285714285714285,0.4444444444444445,0.5,0.4285714285714285,0.36363636363636365,0.30769230769230765,0.8571428571428571
q27,1.0,0.0,1.0,1.0,0.4,1.0,0.5,1.0,0.0,1.0,0.0,0.5
q28,0.0,0.0,0.0,0.0,0.0,0.0,0.0,0.0,0.0,0.0,0.0,0.0
q29,0.0,0.0,0.0,0.0,0.0,0.0,0.0,0.0,0.0,0.0,1.0,0.0
q30,0.0,0.0,0.0,0.0,0.0,0.0,0.0,0.0,0.0,0.0,0.0,0.0
q31,0.0,0.0,0.0,0.0,0.0,0.2,0.0,0.0,0.0,0.0,0.0,0.0
q32,0.0,0.0,0.0,0.0,0.0,0.0,0.0,0.0,0.0,0.0,0.0,0.0
q33,1.0,0.6666666666666666,0.6666666666666666,1.0,1.0,1.0,1.0,1.0,0.6666666666666666,1.0,0.6666666666666666,0.6666666666666666
q34,0.0,0.0,0.0,0.0,0.0,0.0,1.0,0.0,0.0,0.0,0.0,0.0
q35,0.5,0.5714285714285715,0.5714285714285715,0.5714285714285715,0.5,0.5714285714285715,0.5714285714285715,0.5714285714285715,0.5,0.5714285714285715,0.7499999999999999,0.6666666666666666
q36,0.0,0.0,0.0,0.0,0.0,0.0,0.0,0.0,0.0,0.0,0.0,0.0
q37,0.28571428571428575,0.4,0.2,0.3333333333333333,0.2222222222222222,0.3333333333333333,0.2222222222222222,0.0,0.25,0.0,0.25,0.25
q38,0.923076923076923,0.923076923076923,0.8,0.923076923076923,0.8,0.7692307692307692,0.7272727272727272,0.923076923076923,0.7692307692307692,0.7692307692307692,0.6666666666666667,0.7272727272727272
q39,0.15384615384615385,0.0,0.0,0.16666666666666666,0.0,0.16666666666666666,0.0,0.16666666666666666,0.15384615384615385,0.15384615384615385,0.16666666666666666,0.0
q40,0.30769230769230765,1.0,0.30769230769230765,0.7499999999999999,0.26666666666666666,0.7499999999999999,0.8571428571428571,0.21052631578947367,0.5,0.6666666666666666,0.25,0.2608695652173913
q41,0.0,0.0,0.0,0.0,0.0,0.0,0.0,0.0,0.0,0.0,0.0,0.0
q42,0.3333333333333333,0.6666666666666666,0.6666666666666666,0.28571428571428575,0.4,0.6666666666666666,0.3333333333333333,0.3333333333333333,0.6666666666666666,0.3333333333333333,0.4,0.6666666666666666
q43,0.0,0.0,0.0,0.0,0.0,0.0,0.0,0.0,0.0,0.0,0.0,0.0
q44,0.9090909090909091,0.888888888888889,1.0,0.888888888888889,1.0,0.9090909090909091,0.9090909090909091,0.9090909090909091,0.888888888888889,1.0,0.9090909090909091,0.0
q45,0.5,0.5,0.5,0.3636363636363636,0.5,0.5,0.5,0.5,0.5,0.5,0.5,0.5
q46,0.28571428571428575,0.0,0.0,0.7272727272727273,0.0,0.888888888888889,0.75,0.888888888888889,0.6,0.3333333333333333,0.0,0.75
q47,0.6153846153846153,0.22222222222222224,0.6,0.6,0.2,0.6,0.28571428571428575,0.5714285714285715,0.28571428571428575,0.0,0.28571428571428575,0.4
q48,0.0,0.0,0.0,0.0,0.0,0.0,0.0,0.0,1.0,1.0,0.0,0.0
q49,0.0,0.0,0.0,0.0,0.0,0.0,1.0,0.0,0.0,0.0,0.0,0.0
q50,0.5714285714285715,0.5714285714285715,0.5714285714285715,0.5714285714285715,0.5714285714285715,0.6666666666666666,0.5714285714285715,0.5714285714285715,0.6666666666666666,0.5714285714285715,0.6666666666666666,0.6666666666666666
q51,0.8,0.5714285714285715,0.6666666666666666,0.5714285714285715,0.8,0.6666666666666666,0.8,0.8,0.8,0.6666666666666666,0.6666666666666666,0.5
q52,0.0,0.0,0.0,0.0,0.0,0.0,0.0,0.0,0.0,0.0,0.0,0.0
q53,0.0,0.0,0.0,0.0,1.0,0.0,1.0,0.0,0.0,0.0,0.0,0.0
q54,0.5714285714285715,0.33333333333333337,0.6666666666666666,0.6666666666666666,0.5714285714285715,0.4,0.5,0.5,0.5714285714285715,0.4444444444444445,0.33333333333333337,0.33333333333333337
q55,0.0,0.0,1.0,0.0,0.0,0.0,0.0,1.0,0.0,0.0,0.0,0.0
q56,0.0,0.0,0.0,0.0,0.0,0.0,0.0,0.0,0.0,0.0,0.0,0.0
q57,0.28571428571428575,0.18181818181818182,0.3333333333333333,0.5,0.0,0.5,0.36363636363636365,0.15384615384615383,0.5,0.2222222222222222,0.5,0.2222222222222222
q58,0.0,1.0,0.0,0.0,0.0,1.0,0.0,0.0,0.0,0.0,0.0,1.0
q59,0.0,0.25,0.0,0.0,0.0,0.0,0.0,0.0,0.0,0.25,0.0,0.0
q60,0.5454545454545454,0.0,0.5333333333333333,0.4000000000000001,0.0,0.0,0.4615384615384615,0.5454545454545454,0.0,0.0,0.0,0.11764705882352941
q61,0.3636363636363636,0.5333333333333333,0.6666666666666666,0.6,0.8333333333333333,0.6666666666666666,0.5333333333333333,0.3636363636363636,0.8000000000000002,0.8000000000000002,0.4000000000000001,0.6666666666666666
q62,1.0,1.0,0.0,0.0,0.0,0.0,0.0,0.0,1.0,0.0,1.0,1.0
q63,0.0,0.0,0.0,0.0,0.0,0.0,0.0,0.0,0.0,0.0,0.0,0.0
q64,0.0,0.0,0.0,0.0,0.0,0.0,0.0,0.0,0.0,0.0,0.0,0.5
q65,0.0,0.0,0.0,0.0,0.0,0.0,0.0,0.0,0.0,0.0,0.0,0.0
q66,0.888888888888889,0.5333333333333333,0.6153846153846154,0.4444444444444444,0.5714285714285714,0.8333333333333333,0.888888888888889,0.888888888888889,0.8000000000000002,0.8000000000000002,0.8000000000000002,0.7142857142857143
q67,0.22222222222222224,0.25,0.22222222222222224,0.0,0.22222222222222224,0.22222222222222224,0.22222222222222224,0.22222222222222224,0.22222222222222224,0.22222222222222224,0.0,0.22222222222222224
q68,0.0,0.0,0.0,0.0,0.0,0.0,0.0,0.0,0.0,0.0,0.3333333333333333,0.0
q69,0.0,0.0,0.0,0.0,0.0,0.0,0.0,0.0,0.0,0.0,0.0,0.0
q70,0.0,0.0,0.0,0.0,0.0,0.0,0.0,0.0,0.0,0.0,0.0,0.0
q71,0.6666666666666666,0.4,0.6666666666666666,0.6666666666666666,0.6666666666666666,0.6666666666666666,0.6666666666666666,0.6666666666666666,0.0,0.6666666666666666,0.6666666666666666,0.0
q72,0.0,0.0,0.0,0.0,0.5,0.5,0.4,0.0,0.4,0.14285714285714288,0.0,0.0
q73,0.0,0.0,0.0,0.0,0.0,0.0,0.0,0.0,0.0,0.0,0.0,0.0
q74,0.0,0.0,0.0,0.0,0.0,0.0,0.0,0.0,0.0,0.0,0.0,0.0
q75,0.7777777777777778,0.7368421052631579,0.7368421052631579,0.7368421052631579,0.7058823529411764,0.7368421052631579,0.7368421052631579,0.7368421052631579,0.7777777777777778,0.7368421052631579,0.7368421052631579,0.0
q76,1.0,1.0,1.0,1.0,1.0,1.0,1.0,1.0,1.0,1.0,1.0,1.0
q77,0.923076923076923,0.923076923076923,0.923076923076923,0.923076923076923,0.8333333333333333,0.923076923076923,0.923076923076923,0.8333333333333333,0.923076923076923,0.8333333333333333,0.923076923076923,0.7272727272727273
q78,0.3,0.5,0.5,0.0,0.5,0.3,0.3,0.0,0.5,0.3,0.5,0.4
q79,0.5714285714285715,0.3333333333333333,0.3333333333333333,0.0,0.5714285714285715,0.5,0.14285714285714288,0.6666666666666666,0.35294117647058826,0.7499999999999999,0.0,0.1176470588235294
MEAN,0.3111,0.2782,0.2990,0.2728,0.2827,0.3116,0.3204,0.3056,0.3021,0.3018,0.2616,0.2738
