i,tag,rp_cov8,rp_cov30,rp_longest,rp_nspans8,ex_cov8,ex_cov30,ex_longest,ex_nspans8,tok_n,tok_cov4,tok_cov8,tok_cov16,tok_cov24,tok_longest,tok_nspans4,harvest_frac,speedup
0,RESEARCH_SUMMARY_TEXT,0.1076,0.0,15,9,0.1362,0.0,15,13,510,0.1863,0.0314,0.0,0.0,8,17,0.0824,0.831
1,RESEARCH_SUMMARY_TEXT,0.2985,0.0311,33,19,0.2566,0.0,28,12,632,0.4209,0.1329,0.0285,0.0,18,41,0.2057,1.044
2,RESEARCH_SUMMARY_TEXT,0.276,0.0,17,6,0.269,0.0,17,7,219,0.4338,0.1826,0.0,0.0,11,13,0.2283,1.099
3,RESEARCH_SUMMARY_TEXT,0.218,0.0,20,20,0.3473,0.0,19,16,637,0.3312,0.1068,0.0,0.0,13,34,0.1617,0.893
4,RESEARCH_SUMMARY_TEXT,0.4232,0.0,22,22,0.1994,0.0,19,11,403,0.4417,0.2779,0.0,0.0,14,23,0.2531,0.753
5,RESEARCH_SUMMARY_TEXT,0.253,0.0,27,12,0.242,0.0,27,10,390,0.3077,0.0897,0.0,0.0,15,20,0.1513,0.779
6,RESEARCH_SUMMARY_TEXT,0.2436,0.0,27,6,0.3163,0.0,27,9,273,0.3736,0.1722,0.0623,0.0,17,13,0.1978,0.936
7,RESEARCH_SUMMARY_TEXT,0.4612,0.12,65,18,0.4545,0.1212,65,18,393,0.3003,0.1883,0.0,0.0,15,15,0.1832,0.985
8,RESEARCH_SUMMARY_TEXT,0.3437,0.0,21,14,0.353,0.0,23,16,341,0.3343,0.1261,0.0,0.0,11,17,0.176,0.907
9,RESEARCH_SUMMARY_TEXT,0.5613,0.0,26,9,0.6905,0.0,26,9,165,0.5394,0.3576,0.0,0.0,13,11,0.3394,0.974
10,RESEARCH_SUMMARY_TEXT,0.7158,0.3882,50,18,0.7305,0.4391,50,15,314,0.6019,0.4873,0.2516,0.0,22,16,0.4427,1.717
11,RESEARCH_SUMMARY_TEXT,0.2027,0.0,18,19,0.1835,0.0,18,18,715,0.4517,0.1385,0.0,0.0,13,48,0.2084,1.1
12,RESEARCH_SUMMARY_TEXT,0.243,0.0,28,12,0.28,0.0,29,16,457,0.2538,0.0635,0.0394,0.0,18,16,0.1247,0.913
13,RESEARCH_SUMMARY_TEXT,0.4667,0.1017,42,28,0.4378,0.0587,37,30,625,0.5376,0.28,0.096,0.0,22,39,0.304,1.081
14,RESEARCH_SUMMARY_TEXT,0.3355,0.0,18,18,0.3333,0.0,18,18,359,0.4039,0.1616,0.0,0.0,13,16,0.2173,0.938
15,RESEARCH_SUMMARY_TEXT,0.2054,0.0261,30,18,0.2809,0.07,51,23,621,0.2576,0.0902,0.0306,0.0,19,27,0.124,0.959
16,RESEARCH_SUMMARY_TEXT,0.096,0.0,16,4,0.096,0.0,16,4,270,0.2074,0.0667,0.0,0.0,10,10,0.0963,0.888
17,RESEARCH_SUMMARY_TEXT,0.7267,0.0711,32,17,0.7267,0.0711,32,17,285,0.7719,0.5474,0.2175,0.0,22,17,0.5228,1.515
18,RESEARCH_SUMMARY_TEXT,0.1846,0.0,15,9,0.1847,0.0,15,9,319,0.2351,0.0376,0.0,0.0,12,13,0.1034,1.052
19,RESEARCH_SUMMARY_TEXT,0.2598,0.0583,37,12,0.2824,0.0,14,6,361,0.3102,0.1053,0.0609,0.0,22,16,0.1634,2.558
20,RESEARCH_SUMMARY_TEXT,0.1462,0.0,14,12,0.0955,0.0,12,7,473,0.222,0.0634,0.0,0.0,11,18,0.1057,1.104
21,RESEARCH_SUMMARY_TEXT,0.2124,0.0,14,15,0.2143,0.0,14,15,476,0.4916,0.0735,0.0,0.0,10,29,0.2332,1.141
22,RESEARCH_SUMMARY_TEXT,0.0903,0.0,21,3,0.0799,0.0,21,3,339,0.1652,0.059,0.0,0.0,12,8,0.0944,0.593
23,RESEARCH_SUMMARY_TEXT,0.2729,0.0331,34,19,0.2689,0.0,26,27,586,0.3259,0.1758,0.0427,0.0427,25,27,0.1826,0.337
24,RESEARCH_SUMMARY_TEXT,0.0,0.0,6,0,0.0,0.0,5,0,131,0.0916,0.0,0.0,0.0,4,3,0.0229,0.762
25,RESEARCH_SUMMARY_TEXT,0.2631,0.0,19,27,0.164,0.0,19,17,722,0.3269,0.1025,0.0,0.0,11,37,0.1551,1.137
26,RESEARCH_SUMMARY_TEXT,0.2208,0.0,27,13,0.1686,0.0,27,10,560,0.4357,0.1446,0.0304,0.0,17,35,0.2107,0.912
27,RESEARCH_SUMMARY_TEXT,0.5177,0.0607,36,15,0.3579,0.0567,32,25,349,0.5702,0.3496,0.1146,0.0,22,19,0.3524,1.506
28,RESEARCH_SUMMARY_TEXT,0.072,0.0,15,4,0.1054,0.0,15,6,339,0.118,0.0413,0.0,0.0,14,7,0.056,0.778
29,RESEARCH_SUMMARY_TEXT,0.3539,0.0648,48,32,0.3539,0.0648,48,32,254,0.0512,0.0,0.0,0.0,7,2,0.0236,0.627
30,RESEARCH_SUMMARY_TEXT,0.7896,0.0383,46,80,0.8675,0.2804,55,32,563,0.1048,0.016,0.0,0.0,9,11,0.0391,1.172
31,RESEARCH_SUMMARY_TEXT,0.8076,0.1367,78,121,0.7936,0.1216,78,117,1005,0.2368,0.0886,0.0,0.0,14,33,0.1144,0.75
32,RESEARCH_SUMMARY_TEXT,0.8354,0.1015,59,113,0.8255,0.1171,59,113,882,0.1995,0.051,0.0,0.0,11,30,0.0873,1.03
33,RESEARCH_SUMMARY_TEXT,0.8545,0.1736,45,49,0.8598,0.2041,85,45,450,0.2622,0.0556,0.0,0.0,9,19,0.1111,0.968
34,RESEARCH_SUMMARY_TEXT,0.443,0.1658,78,44,0.4453,0.1873,78,44,1080,0.4806,0.3407,0.1815,0.1435,50,49,0.3324,1.516
35,RESEARCH_SUMMARY_TEXT,0.8654,0.2888,93,55,0.8465,0.1261,73,70,642,0.4424,0.2804,0.0919,0.0405,26,27,0.271,0.984
36,RESEARCH_SUMMARY_TEXT,0.8734,0.1405,99,48,0.8858,0.179,99,54,431,0.2622,0.109,0.0441,0.0,19,18,0.1276,0.797
37,RESEARCH_SUMMARY_TEXT,0.9396,0.5266,75,15,0.9403,0.383,75,14,257,0.5331,0.179,0.0661,0.0,17,18,0.2724,0.757
38,RESEARCH_SUMMARY_TEXT,0.6575,0.0123,30,82,0.6745,0.0122,30,84,487,0.0801,0.0,0.0,0.0,6,9,0.0226,0.88
39,RESEARCH_SUMMARY_TEXT,0.9067,0.2617,84,51,0.7903,0.0529,38,111,530,0.3547,0.1453,0.0,0.0,12,26,0.1698,0.832
40,RESEARCH_SUMMARY_TEXT,0.8427,0.0802,45,101,0.8831,0.0881,45,76,836,0.195,0.0323,0.0,0.0,9,28,0.0778,0.857
41,RESEARCH_SUMMARY_TEXT,0.8258,0.0628,59,76,0.8223,0.0633,59,75,541,0.1571,0.0481,0.0,0.0,10,15,0.0702,0.874
42,RESEARCH_SUMMARY_TEXT,0.9238,0.502,118,75,0.846,0.1601,54,66,942,0.534,0.2994,0.1338,0.0,20,50,0.3259,0.992
43,RESEARCH_SUMMARY_TEXT,0.8679,0.2439,87,60,0.8874,0.3241,90,49,461,0.2473,0.0672,0.0,0.0,14,19,0.1171,0.79
44,RESEARCH_SUMMARY_TEXT,0.76,0.0685,96,74,0.787,0.0889,96,56,594,0.2104,0.0236,0.0,0.0,14,25,0.0791,0.81
45,RESEARCH_SUMMARY_TEXT,0.8956,0.3699,140,47,0.8715,0.2844,95,40,434,0.3871,0.2143,0.0876,0.0,22,21,0.2235,0.87
46,RESEARCH_SUMMARY_TEXT,0.8109,0.1435,45,54,0.8034,0.1441,45,58,429,0.2448,0.0559,0.0,0.0,8,19,0.1026,0.533
47,RESEARCH_SUMMARY_TEXT,0.4122,0.0456,30,39,0.3972,0.0504,35,37,816,0.4877,0.2279,0.0502,0.0,22,51,0.2733,1.073
48,RESEARCH_SUMMARY_TEXT,0.8173,0.095,50,102,0.8246,0.0734,54,95,712,0.1222,0.0,0.0,0.0,7,18,0.0463,0.699
49,RESEARCH_SUMMARY_TEXT,0.8383,0.0942,79,48,0.8871,0.1287,79,35,278,0.1655,0.0719,0.0,0.0,12,5,0.0827,0.8
50,RESEARCH_SUMMARY_TEXT,0.8561,0.1579,46,33,0.8732,0.1603,46,31,297,0.303,0.1582,0.0572,0.0,17,12,0.1751,0.712
51,RESEARCH_SUMMARY_TEXT,0.8141,0.2553,87,43,0.8204,0.1633,87,34,297,0.266,0.1212,0.0572,0.0,17,13,0.1347,1.148
52,RESEARCH_SUMMARY_TEXT,0.7201,0.0975,105,94,0.7604,0.1244,105,90,619,0.1292,0.0355,0.0,0.0,14,14,0.0598,0.801
53,RESEARCH_SUMMARY_TEXT,0.8587,0.1107,79,57,0.8587,0.1107,79,57,483,0.2526,0.0414,0.0,0.0,10,23,0.0952,0.622
54,RESEARCH_SUMMARY_TEXT,0.8092,0.0465,40,47,0.8221,0.0379,40,58,300,0.1467,0.0267,0.0,0.0,8,9,0.0533,0.74
55,RESEARCH_SUMMARY_TEXT,0.779,0.0864,74,50,0.8327,0.1143,74,33,386,0.2202,0.0544,0.0544,0.0,21,12,0.1036,0.951
56,RESEARCH_SUMMARY_TEXT,0.6344,0.0133,36,79,0.6314,0.0136,36,83,603,0.0614,0.0149,0.0,0.0,9,8,0.0216,0.756
57,RESEARCH_SUMMARY_TEXT,0.8035,0.1818,102,73,0.8504,0.1767,87,56,551,0.3194,0.1597,0.0672,0.0,20,23,0.1887,0.72
58,RESEARCH_SUMMARY_TEXT,0.8623,0.2432,99,90,0.8789,0.2739,99,64,748,0.2781,0.1257,0.0468,0.0,19,27,0.1524,0.877
59,RESEARCH_SUMMARY_TEXT,0.8672,0.1693,81,60,0.8511,0.1469,81,70,592,0.2973,0.0659,0.0287,0.0,17,28,0.1267,0.831
60,FINAL_REPORT_MARKDOWN,0.86,0.7986,138,74,0.8692,0.8074,138,95,3806,0.8263,0.7898,0.7475,0.6839,85,124,0.7231,2.525
61,FINAL_REPORT_MARKDOWN,0.8496,0.7657,206,91,0.8103,0.6668,194,104,4186,0.8235,0.7573,0.7038,0.5774,140,146,0.7105,2.906
62,FINAL_REPORT_MARKDOWN,0.6913,0.4928,104,54,0.7057,0.5389,104,66,1829,0.6621,0.5353,0.4418,0.3007,40,84,0.5036,1.443
63,FINAL_REPORT_MARKDOWN,0.8964,0.8227,145,143,0.8722,0.7558,133,92,5953,0.8461,0.8194,0.7731,0.6392,67,191,0.7448,2.362
64,FINAL_REPORT_MARKDOWN,0.8557,0.7573,275,80,0.8573,0.7422,275,81,2854,0.8048,0.7463,0.692,0.487,190,103,0.6885,2.031
65,FINAL_REPORT_MARKDOWN,0.8945,0.7967,125,82,0.8779,0.7598,125,86,3099,0.8264,0.7796,0.7338,0.5757,49,118,0.7086,2.398
66,FINAL_REPORT_MARKDOWN,0.8332,0.7089,399,94,0.8238,0.7022,507,99,3564,0.7851,0.7368,0.624,0.4708,307,122,0.6754,2.165
67,FINAL_REPORT_MARKDOWN,0.8509,0.7293,182,93,0.8088,0.635,182,101,3654,0.8478,0.8005,0.7313,0.6552,119,110,0.7427,2.027
68,FINAL_REPORT_MARKDOWN,0.841,0.7129,124,86,0.768,0.6275,124,54,3134,0.8283,0.7607,0.6726,0.5702,80,116,0.702,1.917
69,FINAL_REPORT_MARKDOWN,0.8651,0.7463,228,84,0.8926,0.8131,228,69,3739,0.8406,0.7737,0.7189,0.5994,153,120,0.7384,2.335
70,FINAL_REPORT_MARKDOWN,0.9272,0.5651,209,226,0.875,0.4925,175,335,4314,0.7098,0.5939,0.5223,0.3208,44,189,0.5563,1.588
71,FINAL_REPORT_MARKDOWN,0.8397,0.4262,127,265,0.8411,0.4419,127,236,2950,0.5227,0.4508,0.3871,0.2586,50,97,0.419,1.473
72,FINAL_REPORT_MARKDOWN,0.9321,0.7424,294,148,0.9262,0.7078,294,148,3478,0.7869,0.7205,0.6475,0.5207,81,130,0.6633,1.822
73,FINAL_REPORT_MARKDOWN,0.9115,0.5974,139,303,0.8966,0.4611,131,378,4384,0.659,0.5892,0.4277,0.2525,43,192,0.5219,1.646
74,FINAL_REPORT_MARKDOWN,0.9309,0.649,158,160,0.9318,0.6458,289,205,2921,0.7237,0.6255,0.5173,0.4177,39,126,0.582,1.908
75,FINAL_REPORT_MARKDOWN,0.8901,0.5991,213,157,0.8794,0.574,213,127,2543,0.689,0.595,0.5242,0.4436,89,97,0.5619,1.589
76,FINAL_REPORT_MARKDOWN,0.9215,0.6343,318,248,0.9043,0.5616,152,309,3474,0.6566,0.5774,0.4859,0.3874,62,135,0.5337,1.846
77,FINAL_REPORT_MARKDOWN,0.8545,0.3465,152,251,0.8856,0.4752,152,208,2954,0.5007,0.3741,0.3077,0.1635,46,127,0.3653,1.241
78,FINAL_REPORT_MARKDOWN,0.9295,0.6592,298,204,0.9349,0.6938,298,193,3574,0.7143,0.6472,0.5635,0.3844,82,140,0.5887,1.77
79,FINAL_REPORT_MARKDOWN,0.88,0.4541,161,231,0.8891,0.5123,145,295,3297,0.6018,0.4504,0.296,0.2311,43,156,0.4359,1.357
